kind,operator,cost,cdf,n
same_owner,base,0.0,0.0,191731
same_owner,base,0.01,0.040389921295982394,191731
same_owner,base,0.02,0.13835529987325992,191731
same_owner,base,0.03,0.26055776061252484,191731
same_owner,base,0.04,0.39340534394542354,191731
same_owner,base,0.05,0.5167500299899338,191731
same_owner,base,0.06,0.6193312505541618,191731
same_owner,base,0.07,0.7020408801915183,191731
same_owner,base,0.08,0.7659481252379636,191731
same_owner,base,0.09,0.8161590979027908,191731
same_owner,base,0.1,0.8555841256760774,191731
same_owner,base,0.11,0.8856627253808722,191731
same_owner,base,0.12,0.9093104401479156,191731
same_owner,base,0.13,0.9268297771356745,191731
same_owner,base,0.14,0.9401870328741831,191731
same_owner,base,0.15,0.9509573308437342,191731
same_owner,base,0.16,0.9590780833563691,191731
same_owner,base,0.17,0.9654881057314675,191731
same_owner,base,0.18,0.9703699453922423,191731
same_owner,base,0.19,0.9743390479369534,191731
same_owner,base,0.2,0.9773797664436111,191731
same_owner,base,0.21,0.9799093521652732,191731
same_owner,base,0.22,0.9818287079293385,191731
same_owner,base,0.23,0.9835603006295278,191731
same_owner,base,0.24,0.9848537795140067,191731
same_owner,base,0.25,0.9859855735379255,191731
same_owner,base,0.26,0.9862932963370555,191731
same_owner,base,0.27,0.986585372214196,191731
same_owner,base,0.28,0.9868722324506731,191731
same_owner,base,0.29,0.9871695239684767,191731
same_owner,base,0.3,0.9874198747203112,191731
same_owner,base,0.31,0.9876545785501563,191731
same_owner,base,0.32,0.9879310075053069,191731
same_owner,base,0.33,0.9881657113351519,191731
same_owner,base,0.34,0.9883951995243335,191731
same_owner,base,0.35000000000000003,0.9886194720728521,191731
same_owner,base,0.36,0.9888593915433602,191731
same_owner,base,0.37,0.9891514674205006,191731
same_owner,base,0.38,0.9893913868910088,191731
same_owner,base,0.39,0.9896417376428434,191731
same_owner,base,0.4,0.9898660101913619,191731
same_owner,base,0.41000000000000003,0.9900954983805436,191731
same_owner,base,0.42,0.9902728301630931,191731
same_owner,base,0.43,0.9904397306643161,191731
same_owner,base,0.44,0.990695297056814,191731
same_owner,base,0.45,0.9909352165273221,191731
same_owner,base,0.46,0.9911751359978302,191731
same_owner,base,0.47000000000000003,0.9913211739364005,191731
same_owner,base,0.48,0.9915193682816029,191731
same_owner,base,0.49,0.9917279939081317,191731
same_owner,base,0.5,0.991947050815987,191731
same_owner,base,0.51,0.9925729276955735,191731
same_owner,base,0.52,0.9931362168872013,191731
same_owner,base,0.53,0.9937412312041349,191731
same_owner,base,0.54,0.9943253829584157,191731
same_owner,base,0.55,0.994852162665401,191731
same_owner,base,0.56,0.9954102362163656,191731
same_owner,base,0.5700000000000001,0.9958952907980452,191731
same_owner,base,0.58,0.996364698457735,191731
same_owner,base,0.59,0.9967975966327823,191731
same_owner,base,0.6,0.9971626914792079,191731
same_owner,base,0.61,0.9974443360750218,191731
same_owner,base,0.62,0.9977259806708357,191731
same_owner,base,0.63,0.9980024096259864,191731
same_owner,base,0.64,0.998273622940474,191731
same_owner,base,0.65,0.9985396206142981,191731
same_owner,base,0.66,0.9986700116308787,191731
same_owner,base,0.67,0.9988734216167443,191731
same_owner,base,0.68,0.9990194595553145,191731
same_owner,base,0.6900000000000001,0.9991446349312317,191731
same_owner,base,0.7000000000000001,0.999290672869802,191731
same_owner,base,0.71,0.9994419264490354,191731
same_owner,base,0.72,0.9996036113095952,191731
same_owner,base,0.73,0.9997027084821964,191731
same_owner,base,0.74,0.9997705118108183,191731
same_owner,base,0.75,0.9998226682174505,191731
same_owner,base,0.76,0.9998643933427562,191731
same_owner,base,0.77,0.9999269810307149,191731
same_owner,base,0.78,0.9999582748746942,191731
same_owner,base,0.79,0.9999687061560206,191731
same_owner,base,0.8,1.0,191731
same_owner,base,0.81,1.0,191731
same_owner,base,0.8200000000000001,1.0,191731
same_owner,base,0.8300000000000001,1.0,191731
same_owner,base,0.84,1.0,191731
same_owner,base,0.85,1.0,191731
same_owner,base,0.86,1.0,191731
same_owner,base,0.87,1.0,191731
same_owner,base,0.88,1.0,191731
same_owner,base,0.89,1.0,191731
same_owner,base,0.9,1.0,191731
same_owner,base,0.91,1.0,191731
same_owner,base,0.92,1.0,191731
same_owner,base,0.93,1.0,191731
same_owner,base,0.9400000000000001,1.0,191731
same_owner,base,0.9500000000000001,1.0,191731
same_owner,base,0.96,1.0,191731
same_owner,base,0.97,1.0,191731
same_owner,base,0.98,1.0,191731
same_owner,base,0.99,1.0,191731
same_owner,base,1.0,1.0,191731
same_owner,src,0.0,0.0,191731
same_owner,src,0.01,0.040389921295982394,191731
same_owner,src,0.02,0.13825620270065875,191731
same_owner,src,0.03,0.2602917629387006,191731
same_owner,src,0.04,0.3929463675670601,191731
same_owner,src,0.05,0.5160928592663679,191731
same_owner,src,0.06,0.6184289447194246,191731
same_owner,src,0.07,0.7008412828389775,191731
same_owner,src,0.08,0.7645086084149146,191731
same_owner,src,0.09,0.8145161710938763,191731
same_owner,src,0.1,0.8538160234912455,191731
same_owner,src,0.11,0.8837329383354804,191731
same_owner,src,0.12,0.9072137526013008,191731
same_owner,src,0.13,0.9246287767757952,191731
same_owner,src,0.14,0.9378504258570601,191731
same_owner,src,0.15,0.9485216266540101,191731
same_owner,src,0.16,0.9565276350720541,191731
same_owner,src,0.17,0.9627811882272559,191731
same_owner,src,0.18,0.9675952245594087,191731
same_owner,src,0.19,0.9714652299315186,191731
same_owner,src,0.2,0.9744433607502178,191731
same_owner,src,0.21,0.9769312213465741,191731
same_owner,src,0.22,0.9787514799380382,191731
same_owner,src,0.23,0.9803891911062895,191731
same_owner,src,0.24,0.981651376146789,191731
same_owner,src,0.25,0.9827205824827493,191731
same_owner,src,0.26,0.983043952203869,191731
same_owner,src,0.27,0.9833360280810093,191731
same_owner,src,0.28,0.9836072413954968,191731
same_owner,src,0.29,0.9838784547099843,191731
same_owner,src,0.3,0.9841027272585028,191731
same_owner,src,0.31,0.9843217841663581,191731
same_owner,src,0.32,0.9845512723555397,191731
same_owner,src,0.33,0.9847546823414054,191731
same_owner,src,0.34,0.984911151561302,191731
same_owner,src,0.35000000000000003,0.9851249928284941,191731
same_owner,src,0.36,0.985359696658339,191731
same_owner,src,0.37,0.9856256943321633,191731
same_owner,src,0.38,0.9858499668806818,191731
same_owner,src,0.39,0.9860585925072106,191731
same_owner,src,0.4,0.986256786852413,191731
same_owner,src,0.41000000000000003,0.9864549811976154,191731
same_owner,src,0.42,0.9866010191361856,191731
same_owner,src,0.43,0.9867418414340926,191731
same_owner,src,0.44,0.9869348201386318,191731
same_owner,src,0.45,0.9871277988431709,191731
same_owner,src,0.46,0.9872790524224043,191731
same_owner,src,0.47000000000000003,0.9874094434389848,191731
same_owner,src,0.48,0.9875606970182182,191731
same_owner,src,0.49,0.9877015193161252,191731
same_owner,src,0.5,0.9878579885360218,191731
same_owner,src,0.51,0.9883430431177014,191731
same_owner,src,0.52,0.988781156933412,191731
same_owner,src,0.53,0.9893340148437133,191731
same_owner,src,0.54,0.9898242850660561,191731
same_owner,src,0.55,0.9902571832411035,191731
same_owner,src,0.56,0.9907526691041094,191731
same_owner,src,0.5700000000000001,0.9911699203571671,191731
same_owner,src,0.58,0.9915610934069087,191731
same_owner,src,0.59,0.9919835603006295,191731
same_owner,src,0.6,0.9922808518184331,191731
same_owner,src,0.61,0.9924790461636355,191731
same_owner,src,0.62,0.9927189656341436,191731
same_owner,src,0.63,0.9929223756200093,191731
same_owner,src,0.64,0.9931310012465381,191731
same_owner,src,0.65,0.9933709207170462,191731
same_owner,src,0.66,0.9934960960929636,191731
same_owner,src,0.67,0.9936629965941867,191731
same_owner,src,0.68,0.9938246814547465,191731
same_owner,src,0.6900000000000001,0.9939394255493373,191731
same_owner,src,0.7000000000000001,0.994095894769234,191731
same_owner,src,0.71,0.9942575796297938,191731
same_owner,src,0.72,0.9943984019277008,191731
same_owner,src,0.73,0.9944974991003019,191731
same_owner,src,0.74,0.9945600867882607,191731
same_owner,src,0.75,0.9946591839608618,191731
same_owner,src,0.76,0.9947374185708101,191731
same_owner,src,0.77,0.9948104375400952,191731
same_owner,src,0.78,0.9948678095873906,191731
same_owner,src,0.79,0.9949043190720332,191731
same_owner,src,0.8,0.9949721224006551,191731
same_owner,src,0.81,0.9950034162446344,191731
same_owner,src,0.8200000000000001,0.9950086318852976,191731
same_owner,src,0.8300000000000001,0.9950399257292769,191731
same_owner,src,0.84,0.9950764352139195,191731
same_owner,src,0.85,0.995112944698562,191731
same_owner,src,0.86,0.9951494541832046,191731
same_owner,src,0.87,0.9951859636678472,191731
same_owner,src,0.88,0.9952485513558058,191731
same_owner,src,0.89,0.9952954921217748,191731
same_owner,src,0.9,0.9953215703250908,191731
same_owner,src,0.91,0.9954206674976921,191731
same_owner,src,0.92,0.9955041177483036,191731
same_owner,src,0.93,0.9955927836395784,191731
same_owner,src,0.9400000000000001,0.9957231746561589,191731
same_owner,src,0.9500000000000001,0.9959057220793717,191731
same_owner,src,0.96,0.9962499543631442,191731
same_owner,src,0.97,0.9968966938053836,191731
same_owner,src,0.98,0.9975277863256333,191731
same_owner,src,0.99,0.9987378149595005,191731
same_owner,src,1.0,1.0,191731
different_owner_same_group,base,0.0,0.0,18330
different_owner_same_group,base,0.01,5.455537370430988e-05,18330
different_owner_same_group,base,0.02,0.00010911074740861975,18330
different_owner_same_group,base,0.03,0.0003273322422258593,18330
different_owner_same_group,base,0.04,0.0004909983633387888,18330
different_owner_same_group,base,0.05,0.0009819967266775777,18330
different_owner_same_group,base,0.06,0.0014729950900163667,18330
different_owner_same_group,base,0.07,0.0020185488270594654,18330
different_owner_same_group,base,0.08,0.002618657937806874,18330
different_owner_same_group,base,0.09,0.003164211674849973,18330
different_owner_same_group,base,0.1,0.003927986906710311,18330
different_owner_same_group,base,0.11,0.00447354064375341,18330
different_owner_same_group,base,0.12,0.004909983633387889,18330
different_owner_same_group,base,0.13,0.005673758865248227,18330
different_owner_same_group,base,0.14,0.006492089470812875,18330
different_owner_same_group,base,0.15,0.0075286415711947625,18330
different_owner_same_group,base,0.16,0.008183306055646482,18330
different_owner_same_group,base,0.17,0.00900163666121113,18330
different_owner_same_group,base,0.18,0.009492635024549919,18330
different_owner_same_group,base,0.19,0.010583742498636115,18330
different_owner_same_group,base,0.2,0.011620294599018003,18330
different_owner_same_group,base,0.21,0.012656846699399892,18330
different_owner_same_group,base,0.22,0.013857064920894708,18330
different_owner_same_group,base,0.23,0.014893617021276596,18330
different_owner_same_group,base,0.24,0.01609383524277141,18330
different_owner_same_group,base,0.25,0.01680305510092744,18330
different_owner_same_group,base,0.26,0.01696672122204037,18330
different_owner_same_group,base,0.27,0.01696672122204037,18330
different_owner_same_group,base,0.28,0.0171303873431533,18330
different_owner_same_group,base,0.29,0.01734860883797054,18330
different_owner_same_group,base,0.3,0.01745771958537916,18330
different_owner_same_group,base,0.31,0.01773049645390071,18330
different_owner_same_group,base,0.32,0.017948717948717947,18330
different_owner_same_group,base,0.33,0.01800327332242226,18330
different_owner_same_group,base,0.34,0.018330605564648116,18330
different_owner_same_group,base,0.35000000000000003,0.01871249318057829,18330
different_owner_same_group,base,0.36,0.018876159301691217,18330
different_owner_same_group,base,0.37,0.019367157665030006,18330
different_owner_same_group,base,0.38,0.019858156028368795,18330
different_owner_same_group,base,0.39,0.020130932896890344,18330
different_owner_same_group,base,0.4,0.02089470812875068,18330
different_owner_same_group,base,0.41000000000000003,0.02165848336061102,18330
different_owner_same_group,base,0.42,0.022749590834697218,18330
different_owner_same_group,base,0.43,0.023840698308783416,18330
different_owner_same_group,base,0.44,0.025204582651391163,18330
different_owner_same_group,base,0.45,0.026513911620294598,18330
different_owner_same_group,base,0.46,0.028096017457719585,18330
different_owner_same_group,base,0.47000000000000003,0.029678123295144573,18330
different_owner_same_group,base,0.48,0.03196944899072559,18330
different_owner_same_group,base,0.49,0.03436988543371522,18330
different_owner_same_group,base,0.5,0.036388434260774684,18330
different_owner_same_group,base,0.51,0.0397708674304419,18330
different_owner_same_group,base,0.52,0.04429896344789962,18330
different_owner_same_group,base,0.53,0.04888161483906165,18330
different_owner_same_group,base,0.54,0.054173486088379706,18330
different_owner_same_group,base,0.55,0.059356246590289145,18330
different_owner_same_group,base,0.56,0.06513911620294599,18330
different_owner_same_group,base,0.5700000000000001,0.07190398254228042,18330
different_owner_same_group,base,0.58,0.07932351336606656,18330
different_owner_same_group,base,0.59,0.08734315330060011,18330
different_owner_same_group,base,0.6,0.0960720130932897,18330
different_owner_same_group,base,0.61,0.10529187124931806,18330
different_owner_same_group,base,0.62,0.11833060556464811,18330
different_owner_same_group,base,0.63,0.1347517730496454,18330
different_owner_same_group,base,0.64,0.15335515548281506,18330
different_owner_same_group,base,0.65,0.17703218767048554,18330
different_owner_same_group,base,0.66,0.2044189852700491,18330
different_owner_same_group,base,0.67,0.23442444080741953,18330
different_owner_same_group,base,0.68,0.2702673213311511,18330
different_owner_same_group,base,0.6900000000000001,0.31042007637752317,18330
different_owner_same_group,base,0.7000000000000001,0.35308237861429353,18330
different_owner_same_group,base,0.71,0.39967266775777416,18330
different_owner_same_group,base,0.72,0.4501909438079651,18330
different_owner_same_group,base,0.73,0.5107474086197491,18330
different_owner_same_group,base,0.74,0.5750681942171304,18330
different_owner_same_group,base,0.75,0.6363884342607747,18330
different_owner_same_group,base,0.76,0.6970540098199672,18330
different_owner_same_group,base,0.77,0.7569012547735952,18330
different_owner_same_group,base,0.78,0.8268412438625204,18330
different_owner_same_group,base,0.79,0.9088925259138025,18330
different_owner_same_group,base,0.8,1.0,18330
different_owner_same_group,base,0.81,1.0,18330
different_owner_same_group,base,0.8200000000000001,1.0,18330
different_owner_same_group,base,0.8300000000000001,1.0,18330
different_owner_same_group,base,0.84,1.0,18330
different_owner_same_group,base,0.85,1.0,18330
different_owner_same_group,base,0.86,1.0,18330
different_owner_same_group,base,0.87,1.0,18330
different_owner_same_group,base,0.88,1.0,18330
different_owner_same_group,base,0.89,1.0,18330
different_owner_same_group,base,0.9,1.0,18330
different_owner_same_group,base,0.91,1.0,18330
different_owner_same_group,base,0.92,1.0,18330
different_owner_same_group,base,0.93,1.0,18330
different_owner_same_group,base,0.9400000000000001,1.0,18330
different_owner_same_group,base,0.9500000000000001,1.0,18330
different_owner_same_group,base,0.96,1.0,18330
different_owner_same_group,base,0.97,1.0,18330
different_owner_same_group,base,0.98,1.0,18330
different_owner_same_group,base,0.99,1.0,18330
different_owner_same_group,base,1.0,1.0,18330
different_owner_same_group,src,0.0,0.0,18330
different_owner_same_group,src,0.01,5.455537370430988e-05,18330
different_owner_same_group,src,0.02,0.00010911074740861975,18330
different_owner_same_group,src,0.03,0.0003273322422258593,18330
different_owner_same_group,src,0.04,0.0004909983633387888,18330
different_owner_same_group,src,0.05,0.0009819967266775777,18330
different_owner_same_group,src,0.06,0.0014729950900163667,18330
different_owner_same_group,src,0.07,0.0020185488270594654,18330
different_owner_same_group,src,0.08,0.002618657937806874,18330
different_owner_same_group,src,0.09,0.003164211674849973,18330
different_owner_same_group,src,0.1,0.003927986906710311,18330
different_owner_same_group,src,0.11,0.00447354064375341,18330
different_owner_same_group,src,0.12,0.004909983633387889,18330
different_owner_same_group,src,0.13,0.005673758865248227,18330
different_owner_same_group,src,0.14,0.006492089470812875,18330
different_owner_same_group,src,0.15,0.007474086197490452,18330
different_owner_same_group,src,0.16,0.008074195308237862,18330
different_owner_same_group,src,0.17,0.00889252591380251,18330
different_owner_same_group,src,0.18,0.009328968903436988,18330
different_owner_same_group,src,0.19,0.010420076377523187,18330
different_owner_same_group,src,0.2,0.011456628477905073,18330
different_owner_same_group,src,0.21,0.012493180578286961,18330
different_owner_same_group,src,0.22,0.013693398799781778,18330
different_owner_same_group,src,0.23,0.014729950900163666,18330
different_owner_same_group,src,0.24,0.015930169121658483,18330
different_owner_same_group,src,0.25,0.016639388979814512,18330
different_owner_same_group,src,0.26,0.01680305510092744,18330
different_owner_same_group,src,0.27,0.01680305510092744,18330
different_owner_same_group,src,0.28,0.01696672122204037,18330
different_owner_same_group,src,0.29,0.01718494271685761,18330
different_owner_same_group,src,0.3,0.01729405346426623,18330
different_owner_same_group,src,0.31,0.01756683033278778,18330
different_owner_same_group,src,0.32,0.01778505182760502,18330
different_owner_same_group,src,0.33,0.01783960720130933,18330
different_owner_same_group,src,0.34,0.01811238406983088,18330
different_owner_same_group,src,0.35000000000000003,0.01849427168576105,18330
different_owner_same_group,src,0.36,0.018657937806873977,18330
different_owner_same_group,src,0.37,0.019148936170212766,18330
different_owner_same_group,src,0.38,0.019639934533551555,18330
different_owner_same_group,src,0.39,0.019912711402073104,18330
different_owner_same_group,src,0.4,0.02067648663393344,18330
different_owner_same_group,src,0.41000000000000003,0.02144026186579378,18330
different_owner_same_group,src,0.42,0.02247681396617567,18330
different_owner_same_group,src,0.43,0.023567921440261867,18330
different_owner_same_group,src,0.44,0.024877250409165302,18330
different_owner_same_group,src,0.45,0.02613202400436443,18330
different_owner_same_group,src,0.46,0.027659574468085105,18330
different_owner_same_group,src,0.47000000000000003,0.029241680305510092,18330
different_owner_same_group,src,0.48,0.0314784506273868,18330
different_owner_same_group,src,0.49,0.03387888707037643,18330
different_owner_same_group,src,0.5,0.035897435897435895,18330
different_owner_same_group,src,0.51,0.03917075831969449,18330
different_owner_same_group,src,0.52,0.04342607746863066,18330
different_owner_same_group,src,0.53,0.047626841243862524,18330
different_owner_same_group,src,0.54,0.05253682487725041,18330
different_owner_same_group,src,0.55,0.057501363884342606,18330
different_owner_same_group,src,0.56,0.0629569012547736,18330
different_owner_same_group,src,0.5700000000000001,0.06944899072558647,18330
different_owner_same_group,src,0.58,0.0768139661756683,18330
different_owner_same_group,src,0.59,0.08450627386797599,18330
different_owner_same_group,src,0.6,0.09318057828696126,18330
different_owner_same_group,src,0.61,0.10229132569558101,18330
different_owner_same_group,src,0.62,0.11516639388979814,18330
different_owner_same_group,src,0.63,0.13126022913256954,18330
different_owner_same_group,src,0.64,0.1497545008183306,18330
different_owner_same_group,src,0.65,0.17337697763229679,18330
different_owner_same_group,src,0.66,0.2005455537370431,18330
different_owner_same_group,src,0.67,0.23016912165848336,18330
different_owner_same_group,src,0.68,0.26579378068739773,18330
different_owner_same_group,src,0.6900000000000001,0.3056192034915439,18330
different_owner_same_group,src,0.7000000000000001,0.34795417348608837,18330
different_owner_same_group,src,0.71,0.3939443535188216,18330
different_owner_same_group,src,0.72,0.4442989634478996,18330
different_owner_same_group,src,0.73,0.5045280960174577,18330
different_owner_same_group,src,0.74,0.5683578832515003,18330
different_owner_same_group,src,0.75,0.6291871249318057,18330
different_owner_same_group,src,0.76,0.6895799236224768,18330
different_owner_same_group,src,0.77,0.7488816148390617,18330
different_owner_same_group,src,0.78,0.8185488270594654,18330
different_owner_same_group,src,0.79,0.8999454446262957,18330
different_owner_same_group,src,0.8,0.9906164757228587,18330
different_owner_same_group,src,0.81,0.9906164757228587,18330
different_owner_same_group,src,0.8200000000000001,0.9907255864702673,18330
different_owner_same_group,src,0.8300000000000001,0.9908346972176759,18330
different_owner_same_group,src,0.84,0.9908892525913803,18330
different_owner_same_group,src,0.85,0.9909983633387889,18330
different_owner_same_group,src,0.86,0.9910529187124932,18330
different_owner_same_group,src,0.87,0.9911074740861975,18330
different_owner_same_group,src,0.88,0.9913256955810147,18330
different_owner_same_group,src,0.89,0.9914893617021276,18330
different_owner_same_group,src,0.9,0.9917075831969449,18330
different_owner_same_group,src,0.91,0.9918166939443536,18330
different_owner_same_group,src,0.92,0.9919258046917622,18330
different_owner_same_group,src,0.93,0.9920349154391708,18330
different_owner_same_group,src,0.9400000000000001,0.992089470812875,18330
different_owner_same_group,src,0.9500000000000001,0.9921985815602837,18330
different_owner_same_group,src,0.96,0.9925259138025095,18330
different_owner_same_group,src,0.97,0.9929078014184397,18330
different_owner_same_group,src,0.98,0.9939443535188216,18330
different_owner_same_group,src,0.99,0.9956901254773595,18330
different_owner_same_group,src,1.0,1.0,18330
different_owner_cross_group,base,0.0,0.0,23950
different_owner_cross_group,base,0.01,0.000918580375782881,23950
different_owner_cross_group,base,0.02,0.003883089770354906,23950
different_owner_cross_group,base,0.03,0.0069728601252609605,23950
different_owner_cross_group,base,0.04,0.008977035490605427,23950
different_owner_cross_group,base,0.05,0.011774530271398747,23950
different_owner_cross_group,base,0.06,0.013778705636743214,23950
different_owner_cross_group,base,0.07,0.016116910229645093,23950
different_owner_cross_group,base,0.08,0.017995824634655534,23950
different_owner_cross_group,base,0.09,0.019916492693110646,23950
different_owner_cross_group,base,0.1,0.021795407098121087,23950
different_owner_cross_group,base,0.11,0.023549060542797495,23950
different_owner_cross_group,base,0.12,0.025427974947807932,23950
different_owner_cross_group,base,0.13,0.027306889352818373,23950
different_owner_cross_group,base,0.14,0.029102296450939456,23950
different_owner_cross_group,base,0.15,0.030605427974947808,23950
different_owner_cross_group,base,0.16,0.032150313152400835,23950
different_owner_cross_group,base,0.17,0.0334446764091858,23950
different_owner_cross_group,base,0.18,0.03482254697286013,23950
different_owner_cross_group,base,0.19,0.03645093945720251,23950
different_owner_cross_group,base,0.2,0.038121085594989564,23950
different_owner_cross_group,base,0.21,0.03949895615866388,23950
different_owner_cross_group,base,0.22,0.04162839248434238,23950
different_owner_cross_group,base,0.23,0.043966597077244256,23950
different_owner_cross_group,base,0.24,0.04609603340292276,23950
different_owner_cross_group,base,0.25,0.04776617954070981,23950
different_owner_cross_group,base,0.26,0.04776617954070981,23950
different_owner_cross_group,base,0.27,0.047974947807933196,23950
different_owner_cross_group,base,0.28,0.0481419624217119,23950
different_owner_cross_group,base,0.29,0.048559498956158666,23950
different_owner_cross_group,base,0.3,0.048893528183716076,23950
different_owner_cross_group,base,0.31,0.049311064718162836,23950
different_owner_cross_group,base,0.32,0.050020876826722335,23950
different_owner_cross_group,base,0.33,0.05056367432150313,23950
different_owner_cross_group,base,0.34,0.05139874739039666,23950
different_owner_cross_group,base,0.35000000000000003,0.05210855949895616,23950
different_owner_cross_group,base,0.36,0.05323590814196242,23950
different_owner_cross_group,base,0.37,0.05432150313152401,23950
different_owner_cross_group,base,0.38,0.055657620041753654,23950
different_owner_cross_group,base,0.39,0.05774530271398747,23950
different_owner_cross_group,base,0.4,0.060542797494780795,23950
different_owner_cross_group,base,0.41000000000000003,0.06367432150313153,23950
different_owner_cross_group,base,0.42,0.06680584551148225,23950
different_owner_cross_group,base,0.43,0.07035490605427976,23950
different_owner_cross_group,base,0.44,0.07574112734864301,23950
different_owner_cross_group,base,0.45,0.08091858037578288,23950
different_owner_cross_group,base,0.46,0.08697286012526095,23950
different_owner_cross_group,base,0.47000000000000003,0.0934446764091858,23950
different_owner_cross_group,base,0.48,0.10167014613778706,23950
different_owner_cross_group,base,0.49,0.10910229645093945,23950
different_owner_cross_group,base,0.5,0.11816283924843424,23950
different_owner_cross_group,base,0.51,0.1331106471816284,23950
different_owner_cross_group,base,0.52,0.14910229645093945,23950
different_owner_cross_group,base,0.53,0.1660542797494781,23950
different_owner_cross_group,base,0.54,0.18509394572025054,23950
different_owner_cross_group,base,0.55,0.20501043841336117,23950
different_owner_cross_group,base,0.56,0.22551148225469728,23950
different_owner_cross_group,base,0.5700000000000001,0.2475991649269311,23950
different_owner_cross_group,base,0.58,0.2736116910229645,23950
different_owner_cross_group,base,0.59,0.30096033402922756,23950
different_owner_cross_group,base,0.6,0.33319415448851775,23950
different_owner_cross_group,base,0.61,0.36985386221294364,23950
different_owner_cross_group,base,0.62,0.4132776617954071,23950
different_owner_cross_group,base,0.63,0.4639248434237996,23950
different_owner_cross_group,base,0.64,0.5196659707724426,23950
different_owner_cross_group,base,0.65,0.5718580375782881,23950
different_owner_cross_group,base,0.66,0.6239248434237996,23950
different_owner_cross_group,base,0.67,0.668517745302714,23950
different_owner_cross_group,base,0.68,0.7110647181628392,23950
different_owner_cross_group,base,0.6900000000000001,0.7492693110647182,23950
different_owner_cross_group,base,0.7000000000000001,0.7840918580375783,23950
different_owner_cross_group,base,0.71,0.815615866388309,23950
different_owner_cross_group,base,0.72,0.8443841336116911,23950
different_owner_cross_group,base,0.73,0.8707306889352818,23950
different_owner_cross_group,base,0.74,0.8958246346555323,23950
different_owner_cross_group,base,0.75,0.9174530271398748,23950
different_owner_cross_group,base,0.76,0.9379123173277661,23950
different_owner_cross_group,base,0.77,0.9549060542797495,23950
different_owner_cross_group,base,0.78,0.9706889352818372,23950
different_owner_cross_group,base,0.79,0.9861377870563675,23950
different_owner_cross_group,base,0.8,1.0,23950
different_owner_cross_group,base,0.81,1.0,23950
different_owner_cross_group,base,0.8200000000000001,1.0,23950
different_owner_cross_group,base,0.8300000000000001,1.0,23950
different_owner_cross_group,base,0.84,1.0,23950
different_owner_cross_group,base,0.85,1.0,23950
different_owner_cross_group,base,0.86,1.0,23950
different_owner_cross_group,base,0.87,1.0,23950
different_owner_cross_group,base,0.88,1.0,23950
different_owner_cross_group,base,0.89,1.0,23950
different_owner_cross_group,base,0.9,1.0,23950
different_owner_cross_group,base,0.91,1.0,23950
different_owner_cross_group,base,0.92,1.0,23950
different_owner_cross_group,base,0.93,1.0,23950
different_owner_cross_group,base,0.9400000000000001,1.0,23950
different_owner_cross_group,base,0.9500000000000001,1.0,23950
different_owner_cross_group,base,0.96,1.0,23950
different_owner_cross_group,base,0.97,1.0,23950
different_owner_cross_group,base,0.98,1.0,23950
different_owner_cross_group,base,0.99,1.0,23950
different_owner_cross_group,base,1.0,1.0,23950
different_owner_cross_group,src,0.0,0.0,23950
different_owner_cross_group,src,0.01,0.0,23950
different_owner_cross_group,src,0.02,0.00016701461377870565,23950
different_owner_cross_group,src,0.03,0.00025052192066805847,23950
different_owner_cross_group,src,0.04,0.00025052192066805847,23950
different_owner_cross_group,src,0.05,0.0003757828810020877,23950
different_owner_cross_group,src,0.06,0.0005427974947807933,23950
different_owner_cross_group,src,0.07,0.0005845511482254698,23950
different_owner_cross_group,src,0.08,0.0006263048016701461,23950
different_owner_cross_group,src,0.09,0.0008350730688935282,23950
different_owner_cross_group,src,0.1,0.0008768267223382046,23950
different_owner_cross_group,src,0.11,0.0010020876826722339,23950
different_owner_cross_group,src,0.12,0.0012526096033402922,23950
different_owner_cross_group,src,0.13,0.0014196242171189979,23950
different_owner_cross_group,src,0.14,0.0014613778705636743,23950
different_owner_cross_group,src,0.15,0.001544885177453027,23950
different_owner_cross_group,src,0.16,0.0017118997912317327,23950
different_owner_cross_group,src,0.17,0.0017118997912317327,23950
different_owner_cross_group,src,0.18,0.0017954070981210856,23950
different_owner_cross_group,src,0.19,0.0019206680584551148,23950
different_owner_cross_group,src,0.2,0.0019206680584551148,23950
different_owner_cross_group,src,0.21,0.001962421711899791,23950
different_owner_cross_group,src,0.22,0.002045929018789144,23950
different_owner_cross_group,src,0.23,0.002171189979123173,23950
different_owner_cross_group,src,0.24,0.002171189979123173,23950
different_owner_cross_group,src,0.25,0.002171189979123173,23950
different_owner_cross_group,src,0.26,0.002171189979123173,23950
different_owner_cross_group,src,0.27,0.002171189979123173,23950
different_owner_cross_group,src,0.28,0.002171189979123173,23950
different_owner_cross_group,src,0.29,0.0022964509394572024,23950
different_owner_cross_group,src,0.3,0.0022964509394572024,23950
different_owner_cross_group,src,0.31,0.0023799582463465553,23950
different_owner_cross_group,src,0.32,0.0023799582463465553,23950
different_owner_cross_group,src,0.33,0.0024217118997912315,23950
different_owner_cross_group,src,0.34,0.0024634655532359082,23950
different_owner_cross_group,src,0.35000000000000003,0.0025052192066805845,23950
different_owner_cross_group,src,0.36,0.002546972860125261,23950
different_owner_cross_group,src,0.37,0.0025887265135699374,23950
different_owner_cross_group,src,0.38,0.0026304801670146137,23950
different_owner_cross_group,src,0.39,0.0026304801670146137,23950
different_owner_cross_group,src,0.4,0.0026722338204592903,23950
different_owner_cross_group,src,0.41000000000000003,0.002755741127348643,23950
different_owner_cross_group,src,0.42,0.0027974947807933195,23950
different_owner_cross_group,src,0.43,0.0027974947807933195,23950
different_owner_cross_group,src,0.44,0.0028392484342379958,23950
different_owner_cross_group,src,0.45,0.003048016701461378,23950
different_owner_cross_group,src,0.46,0.003131524008350731,23950
different_owner_cross_group,src,0.47000000000000003,0.0032150313152400833,23950
different_owner_cross_group,src,0.48,0.0034237995824634654,23950
different_owner_cross_group,src,0.49,0.0035073068893528184,23950
different_owner_cross_group,src,0.5,0.0035490605427974946,23950
different_owner_cross_group,src,0.51,0.0037995824634655534,23950
different_owner_cross_group,src,0.52,0.00430062630480167,23950
different_owner_cross_group,src,0.53,0.004509394572025052,23950
different_owner_cross_group,src,0.54,0.004843423799582463,23950
different_owner_cross_group,src,0.55,0.005010438413361169,23950
different_owner_cross_group,src,0.56,0.005386221294363257,23950
different_owner_cross_group,src,0.5700000000000001,0.005636743215031315,23950
different_owner_cross_group,src,0.58,0.006304801670146138,23950
different_owner_cross_group,src,0.59,0.006638830897703549,23950
different_owner_cross_group,src,0.6,0.0069728601252609605,23950
different_owner_cross_group,src,0.61,0.007390396659707725,23950
different_owner_cross_group,src,0.62,0.0077244258872651355,23950
different_owner_cross_group,src,0.63,0.0081419624217119,23950
different_owner_cross_group,src,0.64,0.008643006263048017,23950
different_owner_cross_group,src,0.65,0.009102296450939457,23950
different_owner_cross_group,src,0.66,0.009519832985386221,23950
different_owner_cross_group,src,0.67,0.010062630480167015,23950
different_owner_cross_group,src,0.68,0.010647181628392484,23950
different_owner_cross_group,src,0.6900000000000001,0.011565762004175365,23950
different_owner_cross_group,src,0.7000000000000001,0.012359081419624217,23950
different_owner_cross_group,src,0.71,0.012860125260960333,23950
different_owner_cross_group,src,0.72,0.01361169102296451,23950
different_owner_cross_group,src,0.73,0.013987473903966596,23950
different_owner_cross_group,src,0.74,0.014613778705636743,23950
different_owner_cross_group,src,0.75,0.015156576200417536,23950
different_owner_cross_group,src,0.76,0.015824634655532358,23950
different_owner_cross_group,src,0.77,0.0162839248434238,23950
different_owner_cross_group,src,0.78,0.01720250521920668,23950
different_owner_cross_group,src,0.79,0.01757828810020877,23950
different_owner_cross_group,src,0.8,0.018288100208768268,23950
different_owner_cross_group,src,0.81,0.018663883089770354,23950
different_owner_cross_group,src,0.8200000000000001,0.018830897703549062,23950
different_owner_cross_group,src,0.8300000000000001,0.019039665970772442,23950
different_owner_cross_group,src,0.84,0.01966597077244259,23950
different_owner_cross_group,src,0.85,0.020167014613778705,23950
different_owner_cross_group,src,0.86,0.02045929018789144,23950
different_owner_cross_group,src,0.87,0.021336116910229644,23950
different_owner_cross_group,src,0.88,0.022129436325678497,23950
different_owner_cross_group,src,0.89,0.02313152400835073,23950
different_owner_cross_group,src,0.9,0.023799582463465554,23950
different_owner_cross_group,src,0.91,0.024843423799582463,23950
different_owner_cross_group,src,0.92,0.02651356993736952,23950
different_owner_cross_group,src,0.93,0.028517745302713986,23950
different_owner_cross_group,src,0.9400000000000001,0.031315240083507306,23950
different_owner_cross_group,src,0.9500000000000001,0.0361169102296451,23950
different_owner_cross_group,src,0.96,0.043173277661795406,23950
different_owner_cross_group,src,0.97,0.061795407098121084,23950
different_owner_cross_group,src,0.98,0.1191231732776618,23950
different_owner_cross_group,src,0.99,0.3288517745302714,23950
different_owner_cross_group,src,1.0,1.0,23950
