kind,quantile,added_cost,n
same_owner,0.0,0.0,191731
same_owner,0.01,0.0,191731
same_owner,0.02,0.0,191731
same_owner,0.03,0.0,191731
same_owner,0.04,0.0,191731
same_owner,0.05,0.0,191731
same_owner,0.06,0.0,191731
same_owner,0.07,0.0,191731
same_owner,0.08,0.0,191731
same_owner,0.09,0.0,191731
same_owner,0.1,0.0,191731
same_owner,0.11,0.0,191731
same_owner,0.12,0.0,191731
same_owner,0.13,0.0,191731
same_owner,0.14,0.0,191731
same_owner,0.15,0.0,191731
same_owner,0.16,0.0,191731
same_owner,0.17,0.0,191731
same_owner,0.18,0.0,191731
same_owner,0.19,0.0,191731
same_owner,0.2,0.0,191731
same_owner,0.21,0.0,191731
same_owner,0.22,0.0,191731
same_owner,0.23,0.0,191731
same_owner,0.24,0.0,191731
same_owner,0.25,0.0,191731
same_owner,0.26,0.0,191731
same_owner,0.27,0.0,191731
same_owner,0.28,0.0,191731
same_owner,0.29,0.0,191731
same_owner,0.3,0.0,191731
same_owner,0.31,0.0,191731
same_owner,0.32,0.0,191731
same_owner,0.33,0.0,191731
same_owner,0.34,0.0,191731
same_owner,0.35000000000000003,0.0,191731
same_owner,0.36,0.0,191731
same_owner,0.37,0.0,191731
same_owner,0.38,0.0,191731
same_owner,0.39,0.0,191731
same_owner,0.4,0.0,191731
same_owner,0.41000000000000003,0.0,191731
same_owner,0.42,0.0,191731
same_owner,0.43,0.0,191731
same_owner,0.44,0.0,191731
same_owner,0.45,0.0,191731
same_owner,0.46,0.0,191731
same_owner,0.47000000000000003,0.0,191731
same_owner,0.48,0.0,191731
same_owner,0.49,0.0,191731
same_owner,0.5,0.0,191731
same_owner,0.51,0.0,191731
same_owner,0.52,0.0,191731
same_owner,0.53,0.0,191731
same_owner,0.54,0.0,191731
same_owner,0.55,0.0,191731
same_owner,0.56,0.0,191731
same_owner,0.5700000000000001,0.0,191731
same_owner,0.58,0.0,191731
same_owner,0.59,0.0,191731
same_owner,0.6,0.0,191731
same_owner,0.61,0.0,191731
same_owner,0.62,0.0,191731
same_owner,0.63,0.0,191731
same_owner,0.64,0.0,191731
same_owner,0.65,0.0,191731
same_owner,0.66,0.0,191731
same_owner,0.67,0.0,191731
same_owner,0.68,0.0,191731
same_owner,0.6900000000000001,0.0,191731
same_owner,0.7000000000000001,0.0,191731
same_owner,0.71,0.0,191731
same_owner,0.72,0.0,191731
same_owner,0.73,0.0,191731
same_owner,0.74,0.0,191731
same_owner,0.75,0.0,191731
same_owner,0.76,0.0,191731
same_owner,0.77,0.0,191731
same_owner,0.78,0.0,191731
same_owner,0.79,0.0,191731
same_owner,0.8,0.0,191731
same_owner,0.81,0.0,191731
same_owner,0.8200000000000001,0.0,191731
same_owner,0.8300000000000001,0.0,191731
same_owner,0.84,0.0,191731
same_owner,0.85,0.0,191731
same_owner,0.86,0.0,191731
same_owner,0.87,0.0,191731
same_owner,0.88,0.0,191731
same_owner,0.89,0.0,191731
same_owner,0.9,0.0,191731
same_owner,0.91,0.0,191731
same_owner,0.92,0.0,191731
same_owner,0.93,0.0,191731
same_owner,0.9400000000000001,0.0,191731
same_owner,0.9500000000000001,0.0,191731
same_owner,0.96,0.0,191731
same_owner,0.97,0.0,191731
same_owner,0.98,0.0,191731
same_owner,0.99,0.0,191731
same_owner,1.0,0.9720737117574916,191731
different_owner_same_group,0.0,0.0,18330
different_owner_same_group,0.01,0.0,18330
different_owner_same_group,0.02,0.0,18330
different_owner_same_group,0.03,0.0,18330
different_owner_same_group,0.04,0.0,18330
different_owner_same_group,0.05,0.0,18330
different_owner_same_group,0.06,0.0,18330
different_owner_same_group,0.07,0.0,18330
different_owner_same_group,0.08,0.0,18330
different_owner_same_group,0.09,0.0,18330
different_owner_same_group,0.1,0.0,18330
different_owner_same_group,0.11,0.0,18330
different_owner_same_group,0.12,0.0,18330
different_owner_same_group,0.13,0.0,18330
different_owner_same_group,0.14,0.0,18330
different_owner_same_group,0.15,0.0,18330
different_owner_same_group,0.16,0.0,18330
different_owner_same_group,0.17,0.0,18330
different_owner_same_group,0.18,0.0,18330
different_owner_same_group,0.19,0.0,18330
different_owner_same_group,0.2,0.0,18330
different_owner_same_group,0.21,0.0,18330
different_owner_same_group,0.22,0.0,18330
different_owner_same_group,0.23,0.0,18330
different_owner_same_group,0.24,0.0,18330
different_owner_same_group,0.25,0.0,18330
different_owner_same_group,0.26,0.0,18330
different_owner_same_group,0.27,0.0,18330
different_owner_same_group,0.28,0.0,18330
different_owner_same_group,0.29,0.0,18330
different_owner_same_group,0.3,0.0,18330
different_owner_same_group,0.31,0.0,18330
different_owner_same_group,0.32,0.0,18330
different_owner_same_group,0.33,0.0,18330
different_owner_same_group,0.34,0.0,18330
different_owner_same_group,0.35000000000000003,0.0,18330
different_owner_same_group,0.36,0.0,18330
different_owner_same_group,0.37,0.0,18330
different_owner_same_group,0.38,0.0,18330
different_owner_same_group,0.39,0.0,18330
different_owner_same_group,0.4,0.0,18330
different_owner_same_group,0.41000000000000003,0.0,18330
different_owner_same_group,0.42,0.0,18330
different_owner_same_group,0.43,0.0,18330
different_owner_same_group,0.44,0.0,18330
different_owner_same_group,0.45,0.0,18330
different_owner_same_group,0.46,0.0,18330
different_owner_same_group,0.47000000000000003,0.0,18330
different_owner_same_group,0.48,0.0,18330
different_owner_same_group,0.49,0.0,18330
different_owner_same_group,0.5,0.0,18330
different_owner_same_group,0.51,0.0,18330
different_owner_same_group,0.52,0.0,18330
different_owner_same_group,0.53,0.0,18330
different_owner_same_group,0.54,0.0,18330
different_owner_same_group,0.55,0.0,18330
different_owner_same_group,0.56,0.0,18330
different_owner_same_group,0.5700000000000001,0.0,18330
different_owner_same_group,0.58,0.0,18330
different_owner_same_group,0.59,0.0,18330
different_owner_same_group,0.6,0.0,18330
different_owner_same_group,0.61,0.0,18330
different_owner_same_group,0.62,0.0,18330
different_owner_same_group,0.63,0.0,18330
different_owner_same_group,0.64,0.0,18330
different_owner_same_group,0.65,0.0,18330
different_owner_same_group,0.66,0.0,18330
different_owner_same_group,0.67,0.0,18330
different_owner_same_group,0.68,0.0,18330
different_owner_same_group,0.6900000000000001,0.0,18330
different_owner_same_group,0.7000000000000001,0.0,18330
different_owner_same_group,0.71,0.0,18330
different_owner_same_group,0.72,0.0,18330
different_owner_same_group,0.73,0.0,18330
different_owner_same_group,0.74,0.0,18330
different_owner_same_group,0.75,0.0,18330
different_owner_same_group,0.76,0.0,18330
different_owner_same_group,0.77,0.0,18330
different_owner_same_group,0.78,0.0,18330
different_owner_same_group,0.79,0.0,18330
different_owner_same_group,0.8,0.0,18330
different_owner_same_group,0.81,0.0,18330
different_owner_same_group,0.8200000000000001,0.0,18330
different_owner_same_group,0.8300000000000001,0.0,18330
different_owner_same_group,0.84,0.0,18330
different_owner_same_group,0.85,0.0,18330
different_owner_same_group,0.86,0.0,18330
different_owner_same_group,0.87,0.0,18330
different_owner_same_group,0.88,0.0,18330
different_owner_same_group,0.89,0.0,18330
different_owner_same_group,0.9,0.0,18330
different_owner_same_group,0.91,0.0,18330
different_owner_same_group,0.92,0.0,18330
different_owner_same_group,0.93,0.0,18330
different_owner_same_group,0.9400000000000001,0.0,18330
different_owner_same_group,0.9500000000000001,0.0,18330
different_owner_same_group,0.96,0.0,18330
different_owner_same_group,0.97,0.0,18330
different_owner_same_group,0.98,0.0,18330
different_owner_same_group,0.99,0.0,18330
different_owner_same_group,1.0,0.8226124323892087,18330
different_owner_cross_group,0.0,0.0,23950
different_owner_cross_group,0.01,0.0,23950
different_owner_cross_group,0.02,0.1580485242629109,23950
different_owner_cross_group,0.03,0.19902017457828244,23950
different_owner_cross_group,0.04,0.2065399160049968,23950
different_owner_cross_group,0.05,0.213098499515008,23950
different_owner_cross_group,0.06,0.2196593005794918,23950
different_owner_cross_group,0.07,0.2260964143376021,23950
different_owner_cross_group,0.08,0.23218619167357765,23950
different_owner_cross_group,0.09,0.23726939450813167,23950
different_owner_cross_group,0.1,0.24188532184296874,23950
different_owner_cross_group,0.11,0.24698912316191096,23950
different_owner_cross_group,0.12,0.2514221621347951,23950
different_owner_cross_group,0.13,0.25594896942080125,23950
different_owner_cross_group,0.14,0.2597560453438462,23950
different_owner_cross_group,0.15,0.2637406016480879,23950
different_owner_cross_group,0.16,0.2677743040755153,23950
different_owner_cross_group,0.17,0.2711151178283395,23950
different_owner_cross_group,0.18,0.27465146995219103,23950
different_owner_cross_group,0.19,0.27802190232467755,23950
different_owner_cross_group,0.2,0.28160320141539785,23950
different_owner_cross_group,0.21,0.2853120460865919,23950
different_owner_cross_group,0.22,0.2888661832834354,23950
different_owner_cross_group,0.23,0.29173538161132134,23950
different_owner_cross_group,0.24,0.2947035174600948,23950
different_owner_cross_group,0.25,0.29765758271884357,23950
different_owner_cross_group,0.26,0.30021263924670555,23950
different_owner_cross_group,0.27,0.3031181915165241,23950
different_owner_cross_group,0.28,0.30634848235260503,23950
different_owner_cross_group,0.29,0.30888683275831,23950
different_owner_cross_group,0.3,0.3117159680706288,23950
different_owner_cross_group,0.31,0.3139083047613417,23950
different_owner_cross_group,0.32,0.3163484964588397,23950
different_owner_cross_group,0.33,0.3186501714494536,23950
different_owner_cross_group,0.34,0.32095766725853647,23950
different_owner_cross_group,0.35000000000000003,0.32336825784364026,23950
different_owner_cross_group,0.36,0.3254952224528523,23950
different_owner_cross_group,0.37,0.3277103991256308,23950
different_owner_cross_group,0.38,0.3298837258923339,23950
different_owner_cross_group,0.39,0.3319420868756827,23950
different_owner_cross_group,0.4,0.3340175101853281,23950
different_owner_cross_group,0.41000000000000003,0.33617864323410024,23950
different_owner_cross_group,0.42,0.33794083131594455,23950
different_owner_cross_group,0.43,0.34005777682331345,23950
different_owner_cross_group,0.44,0.3419078830501629,23950
different_owner_cross_group,0.45,0.34375836748613225,23950
different_owner_cross_group,0.46,0.34548446101702884,23950
different_owner_cross_group,0.47000000000000003,0.34752047511617973,23950
different_owner_cross_group,0.48,0.34942564658214886,23950
different_owner_cross_group,0.49,0.3512923911903408,23950
different_owner_cross_group,0.5,0.35315709156390224,23950
different_owner_cross_group,0.51,0.35486121672895493,23950
different_owner_cross_group,0.52,0.3569015113396303,23950
different_owner_cross_group,0.53,0.35876107503163396,23950
different_owner_cross_group,0.54,0.3603492262442457,23950
different_owner_cross_group,0.55,0.36211388544990514,23950
different_owner_cross_group,0.56,0.3637605297939973,23950
different_owner_cross_group,0.5700000000000001,0.36563271939734654,23950
different_owner_cross_group,0.58,0.3677814212907853,23950
different_owner_cross_group,0.59,0.3696565863591013,23950
different_owner_cross_group,0.6,0.37171577495663216,23950
different_owner_cross_group,0.61,0.3737374518678694,23950
different_owner_cross_group,0.62,0.3758129025924855,23950
different_owner_cross_group,0.63,0.37813020833561545,23950
different_owner_cross_group,0.64,0.38025601630620837,23950
different_owner_cross_group,0.65,0.38266021692528424,23950
different_owner_cross_group,0.66,0.3853595230465741,23950
different_owner_cross_group,0.67,0.38795461120609287,23950
different_owner_cross_group,0.68,0.39086737262285143,23950
different_owner_cross_group,0.6900000000000001,0.39383893233791717,23950
different_owner_cross_group,0.7000000000000001,0.396898655572903,23950
different_owner_cross_group,0.71,0.3997668277043887,23950
different_owner_cross_group,0.72,0.4034490655959488,23950
different_owner_cross_group,0.73,0.4070837725252702,23950
different_owner_cross_group,0.74,0.41035539842573865,23950
different_owner_cross_group,0.75,0.414450693936666,23950
different_owner_cross_group,0.76,0.4186793569067562,23950
different_owner_cross_group,0.77,0.42333869383885475,23950
different_owner_cross_group,0.78,0.42790055037549474,23950
different_owner_cross_group,0.79,0.432991750034429,23950
different_owner_cross_group,0.8,0.43737868548453224,23950
different_owner_cross_group,0.81,0.44304190455285564,23950
different_owner_cross_group,0.8200000000000001,0.4483229433527526,23950
different_owner_cross_group,0.8300000000000001,0.4536875000191119,23950
different_owner_cross_group,0.84,0.45939628665803867,23950
different_owner_cross_group,0.85,0.46492021089321306,23950
different_owner_cross_group,0.86,0.47155483732605064,23950
different_owner_cross_group,0.87,0.478149654001033,23950
different_owner_cross_group,0.88,0.48476007244092917,23950
different_owner_cross_group,0.89,0.4923842363057282,23950
different_owner_cross_group,0.9,0.5043094017520733,23950
different_owner_cross_group,0.91,0.5177239616333366,23950
different_owner_cross_group,0.92,0.5336510266735452,23950
different_owner_cross_group,0.93,0.5525214286216146,23950
different_owner_cross_group,0.9400000000000001,0.5793912501033935,23950
different_owner_cross_group,0.9500000000000001,0.6267192988386461,23950
different_owner_cross_group,0.96,0.7594990785751226,23950
different_owner_cross_group,0.97,0.8204012957818038,23950
different_owner_cross_group,0.98,0.8826819950803196,23950
different_owner_cross_group,0.99,0.9364090976238711,23950
different_owner_cross_group,1.0,0.9882439843905263,23950
