model,bin,n,mean_predicted_human,observed_human_fraction
raw,0,15717,0.060922413827384364,0.0006362537379907107
raw,1,3445,0.1258780558327286,0.013352685050798258
raw,2,314,0.24543674736265925,0.17197452229299362
raw,3,98,0.32914951869419645,0.2653061224489796
raw,4,3,0.4043172200520833,0.3333333333333333
raw,5,1,0.57666015625,0.0
raw,6,79,0.6708520816851266,0.6962025316455697
raw,7,271,0.7641173640740314,0.8413284132841329
raw,8,4235,0.8724462948273317,0.9867768595041322
raw,9,1925,0.9108690137987013,0.9916883116883117
learned,0,19318,0.005184336426718226,0.003312972357386893
learned,1,124,0.14661012829208764,0.20967741935483872
learned,2,62,0.2381498230000437,0.2903225806451613
learned,3,37,0.3499474657715387,0.40540540540540543
learned,4,22,0.4507090657062559,0.2727272727272727
learned,5,21,0.5601035929764786,0.5714285714285714
learned,6,25,0.6587926834797586,0.68
learned,7,38,0.7596425813667288,0.7105263157894737
learned,8,81,0.8609883673351022,0.6666666666666666
learned,9,6360,0.9931700468206686,0.985691823899371
