control,label,gate_on_MOTA,gate_on_IDF1,gate_on_FP,gate_on_FN,gate_on_IDs,gate_on_FM,gate_off_MOTA,gate_off_IDF1,gate_off_FP,gate_off_FN,gate_off_IDs,gate_off_FM
disabled,关闭 EGIA,57.403728007110935,70.72068961411614,28840,67907,1014,2514,55.927513877632826,69.93606417549573,33216,66645,1288,2692
full,完整 EGIA,57.81766054046518,71.18566563579259,26252,69759,800,2368,57.31963434507159,71.07095379730492,28170,68938,846,2447
no_foreground,前景概率固定先验,57.72441679084643,71.15930951934585,26628,69582,815,2392,57.04905318379476,70.9489134633267,29045,68651,879,2497
no_coverage,覆盖概率固定先验,57.85513232769514,71.24024854372657,26933,68956,836,2435,57.308741383667524,71.12233349501174,29319,67743,917,2542
no_context,两路概率固定先验,57.85861807534444,71.23842870161639,26922,68954,841,2442,57.257326605840376,71.10667427267542,29439,67731,927,2545
no_coherence,关闭来源一致性,57.851646580045845,71.11665238804041,27360,68498,875,2422,57.33052730647565,70.94120666058394,29419,67567,943,2502
pair_shuffle,打乱来源配对,57.79021027772695,71.09212730318258,27432,68544,898,2421,57.32355581117705,70.93886317630177,29439,67559,947,2510
fusion_off,关闭 fusion,57.72267391702177,71.154731239021,26119,70134,776,2356,57.15972567166,71.03470552345405,28213,69280,828,2437
selective_off,关闭 selective,57.62768729357839,71.07204168848088,24117,72464,666,2191,57.420285308445095,71.11240422849384,25233,71805,685,2233
fusion_selective_off,fusion/selective 均关闭,57.38368495812745,70.7965997678299,21969,75244,594,2085,57.138811185764204,70.80858592684514,22847,74914,608,2097
