cell,SRC,gate_on,EGIA_control,MOTA,IDF1,FP,FN,IDs,FM,Recall
R_SRC_on_G1_full,True,True,full,58.02506252559846,71.37370596926573,26047,69497,791,2357,69.71887445208405
S0_G1_disabled,False,True,disabled,57.403728007110935,70.72068961411614,28840,67907,1014,2514,70.4116667973822
S0_G0_disabled,False,False,disabled,55.927513877632826,69.93606417549573,33216,66645,1288,2692,70.96154348905911
S0_G1_full,False,True,full,57.81766054046518,71.18566563579259,26252,69759,800,2368,69.6047162165695
S0_G0_full,False,False,full,57.31963434507159,71.07095379730492,28170,68938,846,2447,69.9624410690788
S0_G1_no_foreground,False,True,no_foreground,57.72441679084643,71.15930951934585,26628,69582,815,2392,69.68183838331024
S0_G0_no_foreground,False,False,no_foreground,57.04905318379476,70.9489134633267,29045,68651,879,2497,70.0874922659974
S0_G1_no_coverage,False,True,no_coverage,57.85513232769514,71.24024854372657,26933,68956,836,2435,69.95459813686789
S0_G0_no_coverage,False,False,no_coverage,57.308741383667524,71.12233349501174,29319,67743,917,2542,70.48312462419283
S0_G1_no_context,False,True,no_context,57.85861807534444,71.23842870161639,26922,68954,841,2442,69.9554695737802
S0_G0_no_context,False,False,no_context,57.257326605840376,71.10667427267542,29439,67731,927,2545,70.48835324566679
S0_G1_no_coherence,False,True,no_coherence,57.851646580045845,71.11665238804041,27360,68498,875,2422,70.15415718979024
S0_G0_no_coherence,False,False,no_coherence,57.33052730647565,70.94120666058394,29419,67567,943,2502,70.5598110724774
S0_G1_pair_shuffle,False,True,pair_shuffle,57.79021027772695,71.09212730318258,27432,68544,898,2421,70.13411414080679
S0_G0_pair_shuffle,False,False,pair_shuffle,57.32355581117705,70.93886317630177,29439,67559,947,2510,70.56329682012671
S0_G1_fusion_off,False,True,fusion_off,57.72267391702177,71.154731239021,26119,70134,776,2356,69.44132179550861
S0_G0_fusion_off,False,False,fusion_off,57.15972567166,71.03470552345405,28213,69280,828,2437,69.81342535707128
S0_G1_selective_off,False,True,selective_off,57.62768729357839,71.07204168848088,24117,72464,666,2191,68.4260977926503
S0_G0_selective_off,False,False,selective_off,57.420285308445095,71.11240422849384,25233,71805,685,2233,68.71323625526131
S0_G1_fusion_selective_off,False,True,fusion_selective_off,57.38368495812745,70.7965997678299,21969,75244,594,2085,67.21480048451892
S0_G0_fusion_selective_off,False,False,fusion_selective_off,57.138811185764204,70.80858592684514,22847,74914,608,2097,67.35858757505251
R_SRC_on_G0_full,True,False,full,57.5209362718186,71.21401931720379,27960,68692,840,2446,70.06962780929474
R_SRC_on_G0_disabled,True,False,disabled,56.136658736590775,70.28841249732648,32923,66468,1278,2711,71.03866565579985
