cell,gate_calls,native_admitted,low_class_native_admitted,final_births,EGIA_vetoes,output_rows
R_SRC_on_G1_full,23604,6809,0,3234,3575,224213
S0_G1_disabled,18368,4234,0,4234,0,231878
S0_G0_disabled,10948,6595,3141,6595,0,244222
S0_G1_full,22955,6707,0,3194,3513,224822
S0_G0_full,18530,12456,6295,3553,8903,230875
S0_G1_no_foreground,22510,6522,0,3278,3244,225504
S0_G0_no_foreground,17341,11670,5751,3854,7816,233031
S0_G1_no_coverage,21578,5887,0,3355,2532,226835
S0_G0_no_coverage,16038,10618,5472,3949,6669,234763
S0_G1_no_context,21540,5893,0,3368,2525,226895
S0_G0_no_context,15809,10468,5341,4061,6407,235246
S0_G1_no_coherence,20184,4940,0,3444,1496,228576
S0_G0_no_coherence,15340,9752,5392,3870,5882,235323
S0_G1_pair_shuffle,20082,4895,0,3511,1384,228700
S0_G0_pair_shuffle,15396,9772,5452,3935,5837,235264
S0_G1_fusion_off,23765,7333,0,3172,4161,223891
S0_G0_fusion_off,18908,12924,6186,3588,9336,230638
S0_G1_selective_off,27674,9357,0,2756,6601,218163
S0_G0_selective_off,24434,17114,8226,2900,14214,222303
S0_G1_fusion_selective_off,32361,12398,0,2485,9913,211745
S0_G0_fusion_selective_off,29708,21463,9506,2579,18884,214993
R_SRC_on_G0_full,19110,12967,6683,3636,9331,230371
R_SRC_on_G0_disabled,11340,6854,3372,6854,0,243895
