sequence,short_label,delta_mota_pp,delta_idf1_pp,FP_reduction,FN_reduction,IDs_reduction
uav0000009_03358_v,0009/03358,0.02463054187192837,0.011891904261418507,2,1,0
uav0000073_00600_v,0073/00600,0.007166917508771853,0.002870473871297019,1,0,0
uav0000073_04464_v,0073/04464,0.020703933747412417,0.052698596515621254,-5,11,1
uav0000077_00720_v,0077/00720,0.22888808577279374,0.1459898955950112,1,38,-1
uav0000088_00290_v,0088/00290,-0.013574967759455436,-0.004324408939715418,-2,0,0
uav0000119_02301_v,0119/02301,0.021953896816673257,0.013566607921045026,0,1,0
uav0000120_04775_v,0120/04775,0.1432527934294714,0.33088680587041175,34,5,6
uav0000161_00000_v,0161/00000,1.7174082747853259,0.029165964029198577,71,73,10
uav0000188_00000_v,0188/00000,0.5230926256698187,0.19374797507828445,50,-9,0
uav0000201_00000_v,0201/00000,0.1945234176268129,0.7432302649900691,16,9,1
uav0000249_00001_v,0249/00001,-0.013970382788497382,-0.024850181939406468,-3,-1,3
uav0000249_02688_v,0249/02688,-0.11947431302270495,-0.02538274613415048,-13,6,0
uav0000297_00000_v,0297/00000,0.03707823507601571,0.004616804646340178,1,0,2
uav0000297_02761_v,0297/02761,0.021787283488872156,0.0940326857615692,2,2,2
uav0000306_00230_v,0306/00230,-0.010090817356200876,0.22195795763023662,-2,0,1
uav0000355_00001_v,0355/00001,-0.2261011124174761,-0.14116052910279064,-13,-12,0
uav0000370_00001_v,0370/00001,2.50505050505051,1.9830984401209228,-1,61,2
