sequence,frame,raw_id,class,category,occluded,minside_bin,minimum_side_px,segment_start_frame,prior_detector_frame,prior_detector_age,seen_prior_1,seen_prior_4,seen_prior_8
23-1,32,48,1,continuous_prior_detection_within_8,0,0,12.0,1,31,1,1,1,1
23-1,33,48,1,continuous_prior_detection_within_8,0,0,10.0,1,31,2,0,1,1
23-1,84,43,2,continuous_prior_detection_within_8,1,1,28.0,1,83,1,1,1,1
23-1,85,43,2,continuous_prior_detection_within_8,1,1,28.0,1,83,2,0,1,1
23-1,116,44,2,continuous_prior_detection_within_8,1,2,56.0,19,115,1,1,1,1
23-1,119,44,2,continuous_prior_detection_within_8,1,2,44.0,19,118,1,1,1,1
23-1,125,3,0,continuous_prior_detection_within_8,0,1,19.0,16,124,1,1,1,1
23-1,127,44,2,continuous_prior_detection_older_than_8,1,2,42.0,19,118,9,0,0,0
23-1,128,44,2,continuous_prior_detection_older_than_8,1,2,41.0,19,118,10,0,0,0
23-1,151,3,0,continuous_prior_detection_within_8,0,1,18.0,16,150,1,1,1,1
23-1,157,44,2,continuous_prior_detection_older_than_8,1,1,31.0,19,137,20,0,0,0
23-1,158,44,2,continuous_prior_detection_older_than_8,1,1,31.0,19,137,21,0,0,0
23-1,186,44,2,continuous_prior_detection_within_8,1,0,13.0,19,185,1,1,1,1
23-1,242,57,2,annotation_birth_no_prior_annotation,1,0,7.0,242,-1,-1,0,0,0
23-1,247,46,2,continuous_prior_detection_within_8,0,2,76.0,59,246,1,1,1,1
23-1,248,46,2,continuous_prior_detection_within_8,0,2,76.0,59,246,2,0,1,1
23-1,261,58,2,annotation_birth_no_prior_annotation,1,0,9.0,261,-1,-1,0,0,0
23-1,289,68,1,continuous_segment_never_detected_before,1,0,10.0,288,-1,-1,0,0,0
23-1,294,69,1,continuous_segment_never_detected_before,1,0,13.0,293,-1,-1,0,0,0
23-1,296,67,1,continuous_prior_detection_within_8,1,0,9.0,59,295,1,1,1,1
23-2,36,47,1,annotation_birth_no_prior_annotation,1,1,17.0,36,-1,-1,0,0,0
23-2,49,3,0,continuous_prior_detection_within_8,1,1,29.0,19,48,1,1,1,1
23-2,133,3,0,continuous_prior_detection_within_8,0,1,27.0,19,132,1,1,1,1
23-2,223,41,2,continuous_prior_detection_within_8,1,0,9.0,1,222,1,1,1,1
23-2,320,67,1,continuous_prior_detection_within_8,0,0,9.0,1,319,1,1,1,1
23-2,358,68,1,continuous_prior_detection_within_8,0,1,19.0,285,357,1,1,1,1
23-2,388,15,2,continuous_prior_detection_within_8,0,2,55.0,365,387,1,1,1,1
23-2,389,15,2,continuous_prior_detection_within_8,0,2,55.0,365,387,2,0,1,1
23-2,389,17,2,continuous_prior_detection_within_8,1,2,61.0,375,388,1,1,1,1
23-2,390,17,2,continuous_prior_detection_within_8,1,2,62.0,375,388,2,0,1,1
23-2,514,13,0,continuous_prior_detection_within_8,1,1,31.0,414,513,1,1,1,1
23-2,568,36,0,annotation_birth_no_prior_annotation,0,1,18.0,568,-1,-1,0,0,0
23-2,626,66,2,annotation_birth_no_prior_annotation,1,0,11.0,626,-1,-1,0,0,0
25-1,1,67,0,annotation_birth_no_prior_annotation,0,0,9.0,1,-1,-1,0,0,0
25-1,2,67,0,continuous_segment_never_detected_before,0,0,9.0,1,-1,-1,0,0,0
25-1,21,67,0,continuous_prior_detection_within_8,0,0,10.0,1,20,1,1,1,1
25-1,22,67,0,continuous_prior_detection_within_8,0,0,10.0,1,20,2,0,1,1
25-1,26,28,2,continuous_prior_detection_within_8,1,1,16.0,1,25,1,1,1,1
25-1,28,28,2,continuous_prior_detection_within_8,1,1,16.0,1,27,1,1,1,1
25-1,34,66,0,annotation_birth_no_prior_annotation,1,0,8.0,34,-1,-1,0,0,0
25-1,37,195,0,annotation_birth_no_prior_annotation,1,0,8.0,37,-1,-1,0,0,0
25-1,38,195,0,continuous_segment_never_detected_before,1,0,8.0,37,-1,-1,0,0,0
25-1,39,195,0,continuous_segment_never_detected_before,1,0,8.0,37,-1,-1,0,0,0
25-1,44,66,0,continuous_prior_detection_within_8,1,0,9.0,34,43,1,1,1,1
25-1,62,196,0,continuous_prior_detection_within_8,1,0,8.0,38,61,1,1,1,1
25-1,64,69,0,annotation_birth_no_prior_annotation,0,0,7.0,64,-1,-1,0,0,0
25-1,65,69,0,continuous_segment_never_detected_before,0,0,7.0,64,-1,-1,0,0,0
25-1,86,69,0,continuous_prior_detection_older_than_8,0,0,8.0,64,77,9,0,0,0
25-1,87,69,0,continuous_prior_detection_older_than_8,0,0,8.0,64,77,10,0,0,0
25-1,96,196,0,continuous_prior_detection_older_than_8,1,0,9.0,38,87,9,0,0,0
25-1,97,196,0,continuous_prior_detection_older_than_8,1,0,9.0,38,87,10,0,0,0
25-1,278,42,2,continuous_prior_detection_within_8,0,1,23.0,141,277,1,1,1,1
25-1,337,46,2,continuous_prior_detection_within_8,0,1,28.0,211,336,1,1,1,1
25-1,390,97,2,annotation_birth_no_prior_annotation,0,1,16.0,390,-1,-1,0,0,0
25-1,390,98,2,annotation_birth_no_prior_annotation,0,1,16.0,390,-1,-1,0,0,0
25-1,457,53,2,annotation_birth_no_prior_annotation,1,1,18.0,457,-1,-1,0,0,0
25-1,458,53,2,continuous_segment_never_detected_before,1,1,22.0,457,-1,-1,0,0,0
25-1,459,53,2,continuous_segment_never_detected_before,1,1,26.0,457,-1,-1,0,0,0
25-1,461,53,2,continuous_prior_detection_within_8,1,2,32.0,457,460,1,1,1,1
25-1,482,190,2,annotation_birth_no_prior_annotation,1,1,20.0,482,-1,-1,0,0,0
25-1,483,108,2,continuous_segment_never_detected_before,0,1,16.0,480,-1,-1,0,0,0
25-1,489,12,2,continuous_prior_detection_older_than_8,0,1,18.0,141,480,9,0,0,0
25-1,490,12,2,continuous_prior_detection_older_than_8,0,1,18.0,141,480,10,0,0,0
25-2,4,23,2,continuous_prior_detection_within_8,1,1,30.0,1,3,1,1,1,1
25-2,4,24,2,continuous_prior_detection_within_8,1,2,33.0,1,3,1,1,1,1
25-2,5,23,2,continuous_prior_detection_within_8,1,1,30.0,1,3,2,0,1,1
25-2,5,24,2,continuous_prior_detection_within_8,1,2,32.0,1,3,2,0,1,1
25-2,14,6,2,continuous_prior_detection_within_8,0,1,29.0,11,13,1,1,1,1
25-2,58,2,2,continuous_prior_detection_within_8,0,1,31.0,1,57,1,1,1,1
25-2,67,67,0,continuous_prior_detection_within_8,0,0,12.0,1,66,1,1,1,1
25-2,68,67,0,continuous_prior_detection_within_8,0,0,12.0,1,66,2,0,1,1
25-2,106,67,0,continuous_prior_detection_within_8,1,0,10.0,1,105,1,1,1,1
25-2,110,67,0,continuous_prior_detection_within_8,1,0,10.0,1,109,1,1,1,1
25-2,115,7,2,continuous_prior_detection_within_8,0,2,32.0,41,114,1,1,1,1
25-2,115,27,2,continuous_prior_detection_within_8,0,2,32.0,1,114,1,1,1,1
28-1,1,129,0,annotation_birth_no_prior_annotation,0,0,13.0,1,-1,-1,0,0,0
28-1,2,115,1,continuous_prior_detection_within_8,0,0,8.0,1,1,1,1,1,1
28-1,3,115,1,continuous_prior_detection_within_8,0,0,8.0,1,1,2,0,1,1
28-1,26,111,1,continuous_prior_detection_within_8,0,1,17.0,1,25,1,1,1,1
28-1,27,111,1,continuous_prior_detection_within_8,0,1,17.0,1,25,2,0,1,1
28-1,45,1,2,continuous_prior_detection_within_8,0,2,39.0,1,44,1,1,1,1
28-1,45,2,2,continuous_prior_detection_within_8,0,2,41.0,1,44,1,1,1,1
28-1,45,78,2,continuous_prior_detection_within_8,1,0,13.0,1,44,1,1,1,1
28-1,45,127,1,continuous_prior_detection_within_8,1,0,11.0,1,44,1,1,1,1
28-1,53,114,1,continuous_prior_detection_older_than_8,1,0,10.0,1,44,9,0,0,0
28-1,54,114,1,continuous_prior_detection_older_than_8,1,0,10.0,1,44,10,0,0,0
28-1,75,0,2,continuous_prior_detection_within_8,1,2,38.0,1,74,1,1,1,1
28-1,78,0,2,continuous_prior_detection_within_8,1,2,38.0,1,77,1,1,1,1
28-1,82,0,2,continuous_prior_detection_within_8,1,1,28.0,1,81,1,1,1,1
28-1,85,0,2,continuous_prior_detection_within_8,1,1,19.0,1,84,1,1,1,1
28-1,91,80,2,annotation_birth_no_prior_annotation,1,0,8.0,91,-1,-1,0,0,0
28-1,166,101,2,annotation_birth_no_prior_annotation,1,0,7.0,166,-1,-1,0,0,0
28-1,177,3,2,continuous_prior_detection_older_than_8,1,2,40.0,1,168,9,0,0,0
28-1,178,3,2,continuous_prior_detection_older_than_8,1,2,41.0,1,168,10,0,0,0
28-1,192,47,2,continuous_segment_never_detected_before,1,0,9.0,191,-1,-1,0,0,0
28-1,193,47,2,continuous_segment_never_detected_before,1,0,12.0,191,-1,-1,0,0,0
28-1,297,101,2,reappearance_after_annotation_gap,1,0,4.0,297,-1,-1,0,0,0
28-1,535,66,2,continuous_segment_never_detected_before,1,1,24.0,533,-1,-1,0,0,0
28-2,1,8,0,annotation_birth_no_prior_annotation,0,1,20.0,1,-1,-1,0,0,0
28-2,1,10,0,annotation_birth_no_prior_annotation,1,0,14.0,1,-1,-1,0,0,0
28-2,1,11,0,annotation_birth_no_prior_annotation,0,0,13.0,1,-1,-1,0,0,0
28-2,1,16,0,annotation_birth_no_prior_annotation,0,0,10.0,1,-1,-1,0,0,0
28-2,1,52,2,annotation_birth_no_prior_annotation,1,0,11.0,1,-1,-1,0,0,0
28-2,1,80,2,annotation_birth_no_prior_annotation,1,1,18.0,1,-1,-1,0,0,0
28-2,1,81,2,annotation_birth_no_prior_annotation,1,1,18.0,1,-1,-1,0,0,0
28-2,1,142,0,annotation_birth_no_prior_annotation,0,1,18.0,1,-1,-1,0,0,0
28-2,2,10,0,continuous_segment_never_detected_before,1,0,14.0,1,-1,-1,0,0,0
28-2,2,11,0,continuous_segment_never_detected_before,0,0,13.0,1,-1,-1,0,0,0
28-2,2,16,0,continuous_segment_never_detected_before,0,0,10.0,1,-1,-1,0,0,0
28-2,2,48,2,continuous_prior_detection_within_8,1,0,15.0,1,1,1,1,1,1
28-2,2,52,2,continuous_segment_never_detected_before,1,0,11.0,1,-1,-1,0,0,0
28-2,2,62,2,continuous_prior_detection_within_8,1,0,9.0,1,1,1,1,1,1
28-2,2,80,2,continuous_segment_never_detected_before,1,1,18.0,1,-1,-1,0,0,0
28-2,2,81,2,continuous_segment_never_detected_before,1,1,18.0,1,-1,-1,0,0,0
28-2,2,142,0,continuous_segment_never_detected_before,0,1,18.0,1,-1,-1,0,0,0
28-2,2,150,0,continuous_prior_detection_within_8,0,0,15.0,1,1,1,1,1,1
28-2,3,8,0,continuous_prior_detection_within_8,0,1,20.0,1,2,1,1,1,1
28-2,3,22,2,continuous_prior_detection_within_8,0,0,15.0,1,2,1,1,1,1
28-2,3,142,0,continuous_segment_never_detected_before,0,1,18.0,1,-1,-1,0,0,0
28-2,6,8,0,continuous_prior_detection_within_8,0,1,20.0,1,5,1,1,1,1
28-2,6,165,2,continuous_prior_detection_within_8,1,1,23.0,1,5,1,1,1,1
28-2,11,87,2,continuous_prior_detection_older_than_8,1,0,11.0,1,2,9,0,0,0
28-2,12,87,2,continuous_prior_detection_older_than_8,1,0,11.0,1,2,10,0,0,0
28-2,17,19,0,continuous_prior_detection_older_than_8,0,0,8.0,1,8,9,0,0,0
28-2,18,19,0,continuous_prior_detection_older_than_8,0,0,8.0,1,8,10,0,0,0
28-2,21,150,0,continuous_prior_detection_older_than_8,0,1,16.0,1,12,9,0,0,0
28-2,22,150,0,continuous_prior_detection_older_than_8,0,1,16.0,1,12,10,0,0,0
28-2,30,83,2,continuous_prior_detection_within_8,1,1,16.0,1,29,1,1,1,1
28-2,46,83,2,continuous_prior_detection_older_than_8,1,1,16.0,1,37,9,0,0,0
28-2,47,83,2,continuous_prior_detection_older_than_8,1,1,16.0,1,37,10,0,0,0
28-2,340,22,2,continuous_prior_detection_within_8,0,2,36.0,1,339,1,1,1,1
28-2,341,22,2,continuous_prior_detection_within_8,0,2,36.0,1,339,2,0,1,1
28-2,423,29,2,continuous_prior_detection_within_8,1,2,32.0,181,422,1,1,1,1
28-2,424,29,2,continuous_prior_detection_within_8,1,2,32.0,181,422,2,0,1,1
29-1,1,3,2,annotation_birth_no_prior_annotation,1,2,52.0,1,-1,-1,0,0,0
29-1,1,161,2,annotation_birth_no_prior_annotation,1,0,10.0,1,-1,-1,0,0,0
29-1,2,161,2,continuous_segment_never_detected_before,1,0,10.0,1,-1,-1,0,0,0
29-1,39,0,0,continuous_prior_detection_within_8,0,1,23.0,1,38,1,1,1,1
29-1,40,0,0,continuous_prior_detection_within_8,0,1,21.0,1,38,2,0,1,1
29-1,87,13,2,continuous_prior_detection_within_8,1,1,17.0,31,86,1,1,1,1
29-1,88,13,2,continuous_prior_detection_within_8,1,1,17.0,31,86,2,0,1,1
29-1,95,13,2,continuous_prior_detection_older_than_8,1,1,16.0,31,86,9,0,0,0
29-1,96,13,2,continuous_prior_detection_older_than_8,1,1,16.0,31,86,10,0,0,0
29-1,99,13,2,continuous_prior_detection_older_than_8,1,0,15.0,31,86,13,0,0,0
29-1,100,13,2,continuous_prior_detection_older_than_8,1,0,15.0,31,86,14,0,0,0
29-1,101,70,0,annotation_birth_no_prior_annotation,1,0,11.0,101,-1,-1,0,0,0
29-1,156,9,2,continuous_prior_detection_within_8,1,2,39.0,1,155,1,1,1,1
29-1,157,9,2,continuous_prior_detection_within_8,1,2,39.0,1,155,2,0,1,1
29-1,162,73,0,continuous_prior_detection_within_8,1,0,14.0,161,161,1,1,1,1
29-1,163,73,0,continuous_prior_detection_within_8,1,0,15.0,161,161,2,0,1,1
29-1,199,7,2,continuous_prior_detection_within_8,0,2,62.0,1,198,1,1,1,1
29-1,200,7,2,continuous_prior_detection_within_8,0,2,60.0,1,198,2,0,1,1
29-1,212,108,2,continuous_segment_never_detected_before,1,0,8.0,211,-1,-1,0,0,0
29-1,500,68,2,continuous_prior_detection_older_than_8,1,2,44.0,491,491,9,0,0,0
29-1,501,68,2,continuous_prior_detection_older_than_8,1,2,42.0,491,491,10,0,0,0
29-1,644,173,0,continuous_prior_detection_within_8,0,0,14.0,341,643,1,1,1,1
29-1,660,173,0,continuous_prior_detection_within_8,0,0,14.0,341,659,1,1,1,1
29-1,700,65,2,annotation_birth_no_prior_annotation,1,2,36.0,700,-1,-1,0,0,0
29-1,700,161,2,reappearance_after_annotation_gap,1,0,10.0,700,-1,-1,0,0,0
29-2,1,76,1,annotation_birth_no_prior_annotation,1,0,14.0,1,-1,-1,0,0,0
29-2,1,87,0,annotation_birth_no_prior_annotation,1,0,13.0,1,-1,-1,0,0,0
29-2,1,163,2,annotation_birth_no_prior_annotation,1,2,38.0,1,-1,-1,0,0,0
29-2,2,87,0,continuous_segment_never_detected_before,1,0,13.0,1,-1,-1,0,0,0
29-2,2,90,0,continuous_prior_detection_within_8,1,0,12.0,1,1,1,1,1,1
29-2,3,87,0,continuous_segment_never_detected_before,1,0,12.0,1,-1,-1,0,0,0
29-2,5,87,0,continuous_prior_detection_within_8,1,0,12.0,1,4,1,1,1,1
29-2,5,165,0,continuous_prior_detection_within_8,0,0,15.0,1,4,1,1,1,1
29-2,6,165,0,continuous_prior_detection_within_8,0,0,15.0,1,4,2,0,1,1
29-2,11,169,0,annotation_birth_no_prior_annotation,0,0,15.0,11,-1,-1,0,0,0
29-2,13,170,0,continuous_prior_detection_within_8,1,1,16.0,11,12,1,1,1,1
29-2,15,38,0,continuous_prior_detection_within_8,0,1,16.0,1,14,1,1,1,1
29-2,51,127,1,annotation_birth_no_prior_annotation,0,0,11.0,51,-1,-1,0,0,0
29-2,52,127,1,continuous_segment_never_detected_before,0,0,11.0,51,-1,-1,0,0,0
29-2,53,39,0,continuous_prior_detection_within_8,0,1,19.0,1,52,1,1,1,1
29-2,55,173,2,continuous_prior_detection_within_8,1,2,34.0,51,54,1,1,1,1
29-2,57,29,1,continuous_prior_detection_within_8,1,1,19.0,1,56,1,1,1,1
29-2,271,136,0,annotation_birth_no_prior_annotation,1,1,17.0,271,-1,-1,0,0,0
29-2,281,91,0,annotation_birth_no_prior_annotation,1,1,16.0,281,-1,-1,0,0,0
29-2,443,62,2,continuous_segment_never_detected_before,1,1,16.0,441,-1,-1,0,0,0
29-2,444,62,2,continuous_segment_never_detected_before,1,1,19.0,441,-1,-1,0,0,0
29-2,459,173,2,continuous_prior_detection_within_8,1,2,35.0,51,458,1,1,1,1
29-2,467,173,2,continuous_prior_detection_older_than_8,1,1,20.0,51,458,9,0,0,0
29-2,468,173,2,continuous_prior_detection_older_than_8,1,1,18.0,51,458,10,0,0,0
29-2,478,125,2,continuous_prior_detection_within_8,0,2,52.0,61,477,1,1,1,1
29-2,479,125,2,continuous_prior_detection_within_8,0,2,51.0,61,477,2,0,1,1
29-2,486,125,2,continuous_prior_detection_older_than_8,1,2,45.0,61,477,9,0,0,0
29-2,487,125,2,continuous_prior_detection_older_than_8,1,2,44.0,61,477,10,0,0,0
29-2,561,139,1,annotation_birth_no_prior_annotation,0,1,19.0,561,-1,-1,0,0,0
29-2,561,141,1,annotation_birth_no_prior_annotation,0,1,17.0,561,-1,-1,0,0,0
29-2,561,189,2,reappearance_after_annotation_gap,1,0,15.0,561,-1,-1,0,0,0
29-2,572,231,0,continuous_segment_never_detected_before,0,0,14.0,571,-1,-1,0,0,0
29-2,581,81,2,annotation_birth_no_prior_annotation,1,2,35.0,581,-1,-1,0,0,0
29-2,595,91,0,continuous_prior_detection_older_than_8,1,0,15.0,281,586,9,0,0,0
29-2,596,91,0,continuous_prior_detection_older_than_8,1,0,15.0,281,586,10,0,0,0
29-2,610,146,1,continuous_prior_detection_older_than_8,0,0,11.0,451,601,9,0,0,0
29-2,611,146,1,continuous_prior_detection_older_than_8,0,0,11.0,451,601,10,0,0,0
29-2,621,233,2,continuous_prior_detection_older_than_8,0,1,31.0,581,612,9,0,0,0
29-2,622,233,2,continuous_prior_detection_older_than_8,0,1,31.0,581,612,10,0,0,0
29-2,700,126,1,reappearance_after_annotation_gap,0,0,10.0,700,-1,-1,0,0,0
29-2,700,127,1,reappearance_after_annotation_gap,0,0,11.0,700,-1,-1,0,0,0
29-2,700,161,2,reappearance_after_annotation_gap,1,0,15.0,700,-1,-1,0,0,0
29-2,700,172,2,reappearance_after_annotation_gap,0,2,39.0,700,-1,-1,0,0,0
29-2,700,245,1,reappearance_after_annotation_gap,1,1,16.0,700,-1,-1,0,0,0
39-1,94,8,2,continuous_prior_detection_within_8,0,2,35.0,59,93,1,1,1,1
39-1,178,15,2,continuous_prior_detection_within_8,0,2,53.0,150,177,1,1,1,1
39-2,49,2,1,continuous_prior_detection_within_8,0,0,15.0,1,48,1,1,1,1
39-2,125,0,0,continuous_prior_detection_within_8,0,1,30.0,1,124,1,1,1,1
39-2,144,18,0,continuous_prior_detection_within_8,1,1,26.0,8,143,1,1,1,1
39-2,153,18,0,continuous_prior_detection_within_8,1,1,26.0,8,152,1,1,1,1
39-2,268,17,2,continuous_prior_detection_within_8,1,2,33.0,265,267,1,1,1,1
39-2,270,17,2,continuous_prior_detection_within_8,1,2,46.0,265,269,1,1,1,1
39-2,380,38,2,annotation_birth_no_prior_annotation,1,1,18.0,380,-1,-1,0,0,0
39-2,400,25,2,reappearance_after_annotation_gap,0,2,80.0,400,-1,-1,0,0,0
39-2,400,27,2,reappearance_after_annotation_gap,0,2,61.0,400,-1,-1,0,0,0
44-1,3,61,0,continuous_prior_detection_within_8,1,0,8.0,1,2,1,1,1,1
44-1,11,62,0,continuous_prior_detection_within_8,1,0,7.0,1,10,1,1,1,1
44-1,15,48,0,continuous_prior_detection_within_8,0,0,14.0,1,14,1,1,1,1
44-1,15,65,0,continuous_prior_detection_within_8,0,1,20.0,1,14,1,1,1,1
44-1,16,47,0,continuous_prior_detection_within_8,0,0,15.0,1,15,1,1,1,1
44-1,16,49,0,continuous_prior_detection_within_8,0,1,20.0,1,15,1,1,1,1
44-1,86,33,2,annotation_birth_no_prior_annotation,1,0,6.0,86,-1,-1,0,0,0
44-1,164,75,0,annotation_birth_no_prior_annotation,1,0,5.0,164,-1,-1,0,0,0
44-1,173,76,0,continuous_segment_never_detected_before,1,0,8.0,172,-1,-1,0,0,0
44-1,235,68,2,continuous_segment_never_detected_before,1,0,6.0,234,-1,-1,0,0,0
44-1,356,73,2,annotation_birth_no_prior_annotation,1,1,17.0,356,-1,-1,0,0,0
44-2,8,52,2,continuous_prior_detection_within_8,1,0,6.0,1,7,1,1,1,1
44-2,18,32,2,annotation_birth_no_prior_annotation,1,0,6.0,18,-1,-1,0,0,0
44-2,19,32,2,continuous_segment_never_detected_before,1,0,8.0,18,-1,-1,0,0,0
44-2,20,32,2,continuous_segment_never_detected_before,1,0,10.0,18,-1,-1,0,0,0
44-2,42,7,2,continuous_prior_detection_within_8,1,0,6.0,1,41,1,1,1,1
44-2,68,45,0,annotation_birth_no_prior_annotation,1,0,5.0,68,-1,-1,0,0,0
44-2,71,46,0,continuous_prior_detection_within_8,1,1,16.0,68,70,1,1,1,1
44-2,249,40,0,continuous_prior_detection_within_8,0,1,26.0,1,248,1,1,1,1
44-2,250,40,0,continuous_prior_detection_within_8,0,1,23.0,1,248,2,0,1,1
44-2,252,40,0,continuous_prior_detection_within_8,1,1,17.0,1,248,4,0,1,1
45-1,1,170,0,annotation_birth_no_prior_annotation,0,0,12.0,1,-1,-1,0,0,0
45-1,3,78,0,continuous_prior_detection_within_8,0,0,12.0,1,2,1,1,1,1
45-1,3,170,0,continuous_prior_detection_within_8,0,0,12.0,1,2,1,1,1,1
45-1,14,159,2,continuous_prior_detection_within_8,0,2,39.0,1,13,1,1,1,1
45-1,19,159,2,continuous_prior_detection_within_8,0,2,37.0,1,18,1,1,1,1
45-1,21,166,2,annotation_birth_no_prior_annotation,0,2,38.0,21,-1,-1,0,0,0
45-1,21,175,0,annotation_birth_no_prior_annotation,0,0,11.0,21,-1,-1,0,0,0
45-1,31,54,0,continuous_prior_detection_within_8,0,1,19.0,1,30,1,1,1,1
45-1,41,94,1,annotation_birth_no_prior_annotation,1,0,10.0,41,-1,-1,0,0,0
45-1,43,175,0,continuous_prior_detection_within_8,1,0,15.0,21,42,1,1,1,1
45-1,44,175,0,continuous_prior_detection_within_8,1,0,15.0,21,42,2,0,1,1
45-1,48,73,0,continuous_prior_detection_within_8,0,1,24.0,1,47,1,1,1,1
45-1,51,74,0,annotation_birth_no_prior_annotation,0,1,17.0,51,-1,-1,0,0,0
45-1,51,186,1,annotation_birth_no_prior_annotation,1,0,6.0,51,-1,-1,0,0,0
45-1,52,186,1,continuous_segment_never_detected_before,1,0,7.0,51,-1,-1,0,0,0
45-1,53,186,1,continuous_segment_never_detected_before,1,0,8.0,51,-1,-1,0,0,0
45-1,56,134,1,continuous_prior_detection_within_8,1,1,16.0,51,55,1,1,1,1
45-1,92,94,1,continuous_prior_detection_older_than_8,1,0,10.0,41,83,9,0,0,0
45-1,97,121,0,continuous_prior_detection_older_than_8,0,0,10.0,41,88,9,0,0,0
45-1,98,121,0,continuous_prior_detection_older_than_8,0,0,10.0,41,88,10,0,0,0
45-1,101,182,1,reappearance_after_annotation_gap,1,0,9.0,101,-1,-1,0,0,0
45-1,110,97,0,reappearance_after_annotation_gap,0,1,17.0,110,-1,-1,0,0,0
45-1,111,97,0,continuous_segment_never_detected_before,0,1,17.0,110,-1,-1,0,0,0
45-1,111,98,0,annotation_birth_no_prior_annotation,0,1,16.0,111,-1,-1,0,0,0
45-1,111,132,0,reappearance_after_annotation_gap,0,0,13.0,111,-1,-1,0,0,0
45-1,111,189,1,reappearance_after_annotation_gap,0,0,11.0,111,-1,-1,0,0,0
45-1,121,138,1,annotation_birth_no_prior_annotation,1,1,18.0,121,-1,-1,0,0,0
45-1,122,138,1,continuous_segment_never_detected_before,1,1,18.0,121,-1,-1,0,0,0
45-1,123,138,1,continuous_segment_never_detected_before,1,1,18.0,121,-1,-1,0,0,0
45-1,123,139,1,continuous_prior_detection_within_8,1,1,23.0,121,122,1,1,1,1
45-1,132,179,0,continuous_segment_never_detected_before,0,0,13.0,131,-1,-1,0,0,0
45-1,133,179,0,continuous_segment_never_detected_before,0,0,13.0,131,-1,-1,0,0,0
45-1,338,125,0,continuous_segment_never_detected_before,0,1,17.0,337,-1,-1,0,0,0
45-1,363,198,2,continuous_prior_detection_within_8,1,2,59.0,351,362,1,1,1,1
45-1,370,46,2,annotation_birth_no_prior_annotation,1,1,19.0,370,-1,-1,0,0,0
45-1,382,125,0,continuous_prior_detection_older_than_8,0,1,18.0,337,373,9,0,0,0
45-1,392,103,0,continuous_prior_detection_older_than_8,0,1,19.0,120,383,9,0,0,0
45-2,1,57,0,annotation_birth_no_prior_annotation,0,1,16.0,1,-1,-1,0,0,0
45-2,1,70,0,annotation_birth_no_prior_annotation,0,0,14.0,1,-1,-1,0,0,0
45-2,1,112,0,annotation_birth_no_prior_annotation,0,0,7.0,1,-1,-1,0,0,0
45-2,2,112,0,continuous_segment_never_detected_before,0,0,8.0,1,-1,-1,0,0,0
45-2,3,78,0,continuous_prior_detection_within_8,0,0,15.0,1,2,1,1,1,1
45-2,3,104,0,continuous_prior_detection_within_8,0,0,14.0,1,2,1,1,1,1
45-2,3,112,0,continuous_segment_never_detected_before,0,0,9.0,1,-1,-1,0,0,0
45-2,4,156,0,continuous_prior_detection_within_8,0,1,17.0,1,3,1,1,1,1
45-2,6,58,0,continuous_prior_detection_within_8,0,1,18.0,1,5,1,1,1,1
45-2,21,17,2,annotation_birth_no_prior_annotation,1,1,27.0,21,-1,-1,0,0,0
45-2,22,17,2,continuous_segment_never_detected_before,1,2,33.0,21,-1,-1,0,0,0
45-2,23,17,2,continuous_segment_never_detected_before,1,2,35.0,21,-1,-1,0,0,0
45-2,24,61,0,continuous_prior_detection_within_8,1,1,19.0,1,23,1,1,1,1
45-2,31,17,2,continuous_prior_detection_within_8,0,2,55.0,21,30,1,1,1,1
45-2,132,55,0,continuous_prior_detection_within_8,1,1,19.0,1,131,1,1,1,1
45-2,231,141,0,annotation_birth_no_prior_annotation,0,1,16.0,231,-1,-1,0,0,0
45-2,232,21,2,continuous_prior_detection_within_8,1,2,47.0,230,231,1,1,1,1
45-2,233,21,2,continuous_prior_detection_within_8,1,2,47.0,230,231,2,0,1,1
45-2,236,109,0,continuous_prior_detection_older_than_8,0,0,11.0,221,227,9,0,0,0
45-2,237,109,0,continuous_prior_detection_older_than_8,0,0,11.0,221,227,10,0,0,0
45-2,271,180,2,annotation_birth_no_prior_annotation,1,1,17.0,271,-1,-1,0,0,0
45-2,288,185,2,continuous_prior_detection_within_8,0,2,53.0,231,287,1,1,1,1
45-2,305,70,0,continuous_prior_detection_within_8,1,0,15.0,1,304,1,1,1,1
45-2,361,135,1,reappearance_after_annotation_gap,0,0,12.0,361,-1,-1,0,0,0
45-2,381,139,1,reappearance_after_annotation_gap,0,2,41.0,381,-1,-1,0,0,0
45-2,391,132,0,reappearance_after_annotation_gap,0,1,19.0,391,-1,-1,0,0,0
45-2,391,169,1,continuous_segment_never_detected_before,0,1,20.0,390,-1,-1,0,0,0
45-2,400,147,1,continuous_prior_detection_within_8,1,0,11.0,391,398,2,0,1,1
45-2,400,170,2,annotation_birth_no_prior_annotation,0,2,48.0,400,-1,-1,0,0,0
51-1,6,90,2,continuous_prior_detection_within_8,0,2,41.0,1,5,1,1,1,1
51-1,7,90,2,continuous_prior_detection_within_8,0,2,35.0,1,5,2,0,1,1
51-1,20,35,2,annotation_birth_no_prior_annotation,1,0,8.0,20,-1,-1,0,0,0
51-1,24,7,2,continuous_prior_detection_within_8,0,1,19.0,1,23,1,1,1,1
51-1,45,42,2,annotation_birth_no_prior_annotation,1,0,10.0,45,-1,-1,0,0,0
51-1,85,40,2,continuous_prior_detection_within_8,1,2,37.0,51,84,1,1,1,1
51-1,85,89,2,continuous_prior_detection_within_8,1,2,50.0,83,84,1,1,1,1
51-1,86,34,2,continuous_prior_detection_within_8,0,1,23.0,35,85,1,1,1,1
51-1,87,34,2,continuous_prior_detection_within_8,0,0,14.0,35,85,2,0,1,1
51-1,88,13,2,continuous_prior_detection_within_8,1,0,4.0,70,87,1,1,1,1
51-1,89,13,2,continuous_prior_detection_within_8,1,0,4.0,70,87,2,0,1,1
51-1,96,13,2,continuous_prior_detection_older_than_8,1,0,4.0,70,87,9,0,0,0
51-1,97,13,2,continuous_prior_detection_older_than_8,1,0,4.0,70,87,10,0,0,0
51-1,103,39,2,annotation_birth_no_prior_annotation,1,1,19.0,103,-1,-1,0,0,0
51-1,127,18,2,continuous_segment_never_detected_before,1,0,13.0,126,-1,-1,0,0,0
51-1,140,9,2,reappearance_after_annotation_gap,1,0,4.0,140,-1,-1,0,0,0
51-1,231,49,2,continuous_prior_detection_within_8,1,1,28.0,181,230,1,1,1,1
51-1,254,52,2,continuous_prior_detection_within_8,1,1,25.0,195,253,1,1,1,1
51-1,329,85,0,continuous_prior_detection_within_8,0,0,13.0,231,328,1,1,1,1
51-2,1,88,2,annotation_birth_no_prior_annotation,1,1,24.0,1,-1,-1,0,0,0
51-2,2,88,2,continuous_segment_never_detected_before,1,1,23.0,1,-1,-1,0,0,0
51-2,5,8,2,annotation_birth_no_prior_annotation,1,0,4.0,5,-1,-1,0,0,0
51-2,6,88,2,continuous_prior_detection_within_8,1,1,23.0,1,5,1,1,1,1
51-2,9,25,2,continuous_prior_detection_within_8,1,1,18.0,1,8,1,1,1,1
51-2,10,104,2,continuous_prior_detection_within_8,1,0,15.0,1,9,1,1,1,1
51-2,11,84,0,continuous_prior_detection_within_8,0,0,8.0,1,10,1,1,1,1
51-2,11,104,2,continuous_prior_detection_within_8,1,0,9.0,1,9,2,0,1,1
51-2,12,84,0,continuous_prior_detection_within_8,0,0,8.0,1,10,2,0,1,1
51-2,19,109,2,annotation_birth_no_prior_annotation,1,0,7.0,19,-1,-1,0,0,0
51-2,20,109,2,continuous_segment_never_detected_before,1,0,8.0,19,-1,-1,0,0,0
51-2,21,109,2,continuous_segment_never_detected_before,1,0,10.0,19,-1,-1,0,0,0
51-2,60,152,2,continuous_prior_detection_older_than_8,1,0,5.0,1,51,9,0,0,0
51-2,122,3,2,continuous_prior_detection_within_8,1,2,43.0,1,121,1,1,1,1
51-2,132,131,2,annotation_birth_no_prior_annotation,1,1,17.0,132,-1,-1,0,0,0
51-2,133,131,2,continuous_segment_never_detected_before,1,1,19.0,132,-1,-1,0,0,0
51-2,171,96,2,continuous_prior_detection_within_8,1,2,43.0,1,170,1,1,1,1
51-2,185,172,2,continuous_prior_detection_older_than_8,1,0,9.0,141,176,9,0,0,0
51-2,197,49,2,continuous_prior_detection_within_8,0,2,35.0,141,196,1,1,1,1
51-2,198,49,2,continuous_prior_detection_within_8,0,2,35.0,141,196,2,0,1,1
51-2,292,85,0,continuous_prior_detection_within_8,0,1,19.0,172,291,1,1,1,1
51-2,293,85,0,continuous_prior_detection_within_8,0,1,20.0,172,291,2,0,1,1
51-2,344,25,2,reappearance_after_annotation_gap,1,0,4.0,344,-1,-1,0,0,0
51-2,401,26,2,reappearance_after_annotation_gap,1,0,7.0,401,-1,-1,0,0,0
53-2,7,76,0,continuous_prior_detection_within_8,0,0,9.0,1,6,1,1,1,1
53-2,8,76,0,continuous_prior_detection_within_8,0,0,9.0,1,6,2,0,1,1
53-2,52,32,2,annotation_birth_no_prior_annotation,1,0,8.0,52,-1,-1,0,0,0
53-2,58,84,2,continuous_prior_detection_within_8,1,1,17.0,1,57,1,1,1,1
53-2,59,84,2,continuous_prior_detection_within_8,1,0,15.0,1,57,2,0,1,1
53-2,60,84,2,continuous_prior_detection_within_8,1,0,13.0,1,57,3,0,1,1
53-2,124,40,2,annotation_birth_no_prior_annotation,1,0,8.0,124,-1,-1,0,0,0
53-2,290,89,2,continuous_prior_detection_within_8,1,2,39.0,1,289,1,1,1,1
53-2,351,105,2,continuous_prior_detection_within_8,1,1,18.0,102,350,1,1,1,1
63-1,30,62,2,continuous_prior_detection_within_8,1,0,10.0,1,29,1,1,1,1
63-1,50,50,2,continuous_prior_detection_within_8,1,0,6.0,1,49,1,1,1,1
63-1,65,26,2,annotation_birth_no_prior_annotation,1,0,10.0,65,-1,-1,0,0,0
63-1,95,6,2,continuous_prior_detection_within_8,1,1,26.0,1,94,1,1,1,1
63-1,97,6,2,continuous_prior_detection_within_8,1,1,19.0,1,96,1,1,1,1
63-1,170,54,0,continuous_prior_detection_within_8,0,0,6.0,11,169,1,1,1,1
63-1,186,26,2,continuous_prior_detection_within_8,0,1,30.0,65,185,1,1,1,1
63-1,187,26,2,continuous_prior_detection_within_8,0,1,25.0,65,185,2,0,1,1
63-1,190,26,2,continuous_prior_detection_within_8,0,0,12.0,65,185,5,0,0,1
63-1,304,29,2,continuous_prior_detection_within_8,1,2,39.0,215,303,1,1,1,1
63-1,305,29,2,continuous_prior_detection_within_8,1,2,39.0,215,303,2,0,1,1
63-1,325,31,2,annotation_birth_no_prior_annotation,1,0,6.0,325,-1,-1,0,0,0
63-1,378,3,2,continuous_prior_detection_older_than_8,1,0,4.0,1,369,9,0,0,0
63-1,379,3,2,continuous_prior_detection_older_than_8,1,0,4.0,1,369,10,0,0,0
63-1,654,36,2,continuous_prior_detection_within_8,0,2,56.0,553,653,1,1,1,1
63-1,657,36,2,continuous_prior_detection_within_8,0,2,47.0,553,656,1,1,1,1
63-2,59,50,2,continuous_prior_detection_within_8,1,0,6.0,1,58,1,1,1,1
63-2,60,50,2,continuous_prior_detection_within_8,1,0,5.0,1,58,2,0,1,1
63-2,76,16,2,continuous_prior_detection_within_8,0,0,8.0,1,75,1,1,1,1
63-2,77,16,2,continuous_prior_detection_within_8,0,0,7.0,1,75,2,0,1,1
63-2,136,19,2,continuous_prior_detection_within_8,1,2,52.0,1,135,1,1,1,1
63-2,138,69,0,continuous_prior_detection_older_than_8,1,0,5.0,1,129,9,0,0,0
63-2,139,69,0,continuous_prior_detection_older_than_8,1,0,4.0,1,129,10,0,0,0
63-2,164,20,2,continuous_prior_detection_within_8,1,1,24.0,1,163,1,1,1,1
63-2,171,55,2,annotation_birth_no_prior_annotation,1,0,9.0,171,-1,-1,0,0,0
63-2,174,68,0,continuous_prior_detection_within_8,0,1,17.0,1,173,1,1,1,1
63-2,193,21,2,continuous_prior_detection_within_8,1,2,34.0,1,192,1,1,1,1
63-2,194,21,2,continuous_prior_detection_within_8,1,1,30.0,1,192,2,0,1,1
63-2,205,3,2,continuous_prior_detection_within_8,0,1,28.0,1,204,1,1,1,1
63-2,216,26,2,continuous_prior_detection_within_8,0,2,50.0,83,215,1,1,1,1
63-2,217,26,2,continuous_prior_detection_within_8,0,2,41.0,83,215,2,0,1,1
63-2,231,29,2,annotation_birth_no_prior_annotation,1,0,6.0,231,-1,-1,0,0,0
63-2,261,96,0,annotation_birth_no_prior_annotation,0,0,11.0,261,-1,-1,0,0,0
63-2,505,59,0,annotation_birth_no_prior_annotation,0,0,9.0,505,-1,-1,0,0,0
63-2,565,93,0,continuous_segment_never_detected_before,1,0,10.0,564,-1,-1,0,0,0
63-2,611,11,2,reappearance_after_annotation_gap,1,0,6.0,611,-1,-1,0,0,0
63-2,682,47,2,continuous_segment_never_detected_before,1,0,6.0,681,-1,-1,0,0,0
63-2,700,8,2,reappearance_after_annotation_gap,1,2,41.0,700,-1,-1,0,0,0
63-2,700,13,2,reappearance_after_annotation_gap,1,2,32.0,700,-1,-1,0,0,0
63-2,700,67,2,reappearance_after_annotation_gap,0,2,61.0,700,-1,-1,0,0,0
63-2,700,68,0,reappearance_after_annotation_gap,0,0,12.0,700,-1,-1,0,0,0
66-1,1,72,0,annotation_birth_no_prior_annotation,0,0,9.0,1,-1,-1,0,0,0
66-1,7,86,2,continuous_prior_detection_within_8,1,1,17.0,1,6,1,1,1,1
66-1,8,86,2,continuous_prior_detection_within_8,1,0,14.0,1,6,2,0,1,1
66-1,9,86,2,continuous_prior_detection_within_8,1,0,13.0,1,6,3,0,1,1
66-1,11,68,0,annotation_birth_no_prior_annotation,1,0,9.0,11,-1,-1,0,0,0
66-1,31,50,2,annotation_birth_no_prior_annotation,1,0,6.0,31,-1,-1,0,0,0
66-1,32,50,2,continuous_segment_never_detected_before,1,0,6.0,31,-1,-1,0,0,0
66-1,32,51,2,continuous_segment_never_detected_before,1,0,7.0,31,-1,-1,0,0,0
66-1,48,50,2,continuous_prior_detection_older_than_8,1,0,11.0,31,39,9,0,0,0
66-1,56,72,0,continuous_prior_detection_within_8,0,0,9.0,1,55,1,1,1,1
66-1,81,72,0,continuous_prior_detection_within_8,0,0,9.0,1,80,1,1,1,1
66-1,111,35,2,annotation_birth_no_prior_annotation,1,1,26.0,111,-1,-1,0,0,0
66-1,113,35,2,continuous_prior_detection_within_8,1,1,26.0,111,112,1,1,1,1
66-1,155,51,2,continuous_prior_detection_within_8,1,2,32.0,31,154,1,1,1,1
66-1,157,51,2,continuous_prior_detection_within_8,1,2,32.0,31,156,1,1,1,1
66-1,295,35,2,continuous_prior_detection_older_than_8,1,0,5.0,111,286,9,0,0,0
66-2,1,60,0,annotation_birth_no_prior_annotation,0,0,10.0,1,-1,-1,0,0,0
66-2,1,66,0,annotation_birth_no_prior_annotation,0,0,9.0,1,-1,-1,0,0,0
66-2,2,56,0,continuous_prior_detection_within_8,0,0,10.0,1,1,1,1,1,1
66-2,2,58,0,continuous_prior_detection_within_8,0,0,8.0,1,1,1,1,1,1
66-2,2,60,0,continuous_segment_never_detected_before,0,0,10.0,1,-1,-1,0,0,0
66-2,2,68,0,continuous_segment_never_detected_before,0,0,8.0,1,-1,-1,0,0,0
66-2,11,9,2,continuous_segment_never_detected_before,1,0,9.0,7,-1,-1,0,0,0
66-2,11,15,2,annotation_birth_no_prior_annotation,1,0,5.0,11,-1,-1,0,0,0
66-2,12,15,2,continuous_segment_never_detected_before,1,0,6.0,11,-1,-1,0,0,0
66-2,13,9,2,continuous_prior_detection_within_8,1,0,10.0,7,12,1,1,1,1
66-2,14,9,2,continuous_prior_detection_within_8,1,0,11.0,7,12,2,0,1,1
66-2,41,125,2,annotation_birth_no_prior_annotation,1,0,9.0,41,-1,-1,0,0,0
66-2,48,103,2,continuous_prior_detection_within_8,1,1,17.0,1,47,1,1,1,1
66-2,49,103,2,continuous_prior_detection_within_8,1,1,16.0,1,47,2,0,1,1
66-2,63,70,0,continuous_prior_detection_older_than_8,1,0,7.0,51,54,9,0,0,0
66-2,64,70,0,continuous_prior_detection_older_than_8,1,0,7.0,51,54,10,0,0,0
66-2,85,68,0,continuous_prior_detection_older_than_8,0,0,8.0,1,76,9,0,0,0
66-2,86,68,0,continuous_prior_detection_older_than_8,0,0,8.0,1,76,10,0,0,0
66-2,100,49,2,continuous_prior_detection_within_8,1,2,32.0,1,99,1,1,1,1
66-2,103,131,2,continuous_segment_never_detected_before,1,1,16.0,101,-1,-1,0,0,0
66-2,237,119,2,continuous_prior_detection_within_8,0,1,18.0,1,236,1,1,1,1
69-1,1,112,0,annotation_birth_no_prior_annotation,0,0,13.0,1,-1,-1,0,0,0
69-1,1,113,0,annotation_birth_no_prior_annotation,1,0,12.0,1,-1,-1,0,0,0
69-1,4,143,2,continuous_prior_detection_within_8,1,2,32.0,1,3,1,1,1,1
69-1,5,111,0,continuous_prior_detection_within_8,0,0,15.0,1,4,1,1,1,1
69-1,5,113,0,continuous_prior_detection_within_8,1,0,12.0,1,4,1,1,1,1
69-1,6,29,1,annotation_birth_no_prior_annotation,1,0,8.0,6,-1,-1,0,0,0
69-1,9,144,2,continuous_prior_detection_within_8,1,0,7.0,1,8,1,1,1,1
69-1,11,100,0,continuous_prior_detection_within_8,0,0,11.0,1,10,1,1,1,1
69-1,12,30,1,continuous_segment_never_detected_before,1,0,10.0,11,-1,-1,0,0,0
69-1,12,122,1,continuous_prior_detection_within_8,0,1,18.0,1,11,1,1,1,1
69-1,13,30,1,continuous_segment_never_detected_before,1,0,10.0,11,-1,-1,0,0,0
69-1,14,145,2,continuous_prior_detection_within_8,1,1,21.0,1,13,1,1,1,1
69-1,15,75,0,continuous_prior_detection_within_8,1,1,16.0,11,14,1,1,1,1
69-1,16,25,1,continuous_prior_detection_within_8,0,1,22.0,1,15,1,1,1,1
69-1,24,142,2,continuous_prior_detection_within_8,1,2,35.0,1,23,1,1,1,1
69-1,31,69,0,annotation_birth_no_prior_annotation,0,0,10.0,31,-1,-1,0,0,0
69-1,198,81,0,continuous_prior_detection_older_than_8,1,0,5.0,71,189,9,0,0,0
69-1,199,81,0,continuous_prior_detection_older_than_8,1,0,5.0,71,189,10,0,0,0
69-1,226,67,0,continuous_prior_detection_older_than_8,0,0,9.0,24,217,9,0,0,0
69-1,227,67,0,continuous_prior_detection_older_than_8,0,0,9.0,24,217,10,0,0,0
69-1,700,136,1,reappearance_after_annotation_gap,0,0,15.0,700,-1,-1,0,0,0
69-1,700,146,2,reappearance_after_annotation_gap,1,0,4.0,700,-1,-1,0,0,0
69-2,1,22,1,annotation_birth_no_prior_annotation,0,0,10.0,1,-1,-1,0,0,0
69-2,1,31,1,annotation_birth_no_prior_annotation,0,0,11.0,1,-1,-1,0,0,0
69-2,2,22,1,continuous_segment_never_detected_before,0,0,10.0,1,-1,-1,0,0,0
69-2,2,31,1,continuous_segment_never_detected_before,0,0,11.0,1,-1,-1,0,0,0
69-2,3,50,0,continuous_prior_detection_within_8,0,0,8.0,1,2,1,1,1,1
69-2,3,74,0,continuous_prior_detection_within_8,0,0,9.0,1,2,1,1,1,1
69-2,12,98,0,continuous_prior_detection_older_than_8,0,0,9.0,1,3,9,0,0,0
69-2,16,66,0,continuous_prior_detection_within_8,1,0,8.0,1,15,1,1,1,1
69-2,17,66,0,continuous_prior_detection_within_8,1,0,8.0,1,15,2,0,1,1
69-2,24,66,0,continuous_prior_detection_older_than_8,1,0,8.0,1,15,9,0,0,0
69-2,25,66,0,continuous_prior_detection_older_than_8,1,0,8.0,1,15,10,0,0,0
69-2,31,50,0,continuous_prior_detection_older_than_8,0,0,9.0,1,22,9,0,0,0
69-2,67,2,2,annotation_birth_no_prior_annotation,1,0,8.0,67,-1,-1,0,0,0
69-2,75,2,2,continuous_prior_detection_within_8,1,1,20.0,67,74,1,1,1,1
69-2,77,2,2,continuous_prior_detection_within_8,1,1,20.0,67,74,3,0,1,1
69-2,91,59,0,annotation_birth_no_prior_annotation,1,0,7.0,91,-1,-1,0,0,0
69-2,92,59,0,continuous_segment_never_detected_before,1,0,7.0,91,-1,-1,0,0,0
69-2,93,59,0,continuous_segment_never_detected_before,1,0,8.0,91,-1,-1,0,0,0
69-2,127,6,2,continuous_prior_detection_within_8,0,1,26.0,1,126,1,1,1,1
69-2,128,6,2,continuous_prior_detection_within_8,0,1,23.0,1,126,2,0,1,1
69-2,164,7,2,continuous_prior_detection_within_8,0,2,38.0,1,163,1,1,1,1
69-2,165,7,2,continuous_prior_detection_within_8,0,2,38.0,1,163,2,0,1,1
69-2,700,70,0,reappearance_after_annotation_gap,1,0,13.0,700,-1,-1,0,0,0
69-2,700,123,2,reappearance_after_annotation_gap,1,1,19.0,700,-1,-1,0,0,0
70-1,4,88,0,continuous_prior_detection_within_8,0,0,8.0,1,3,1,1,1,1
70-1,5,88,0,continuous_prior_detection_within_8,0,0,8.0,1,3,2,0,1,1
70-1,31,11,2,continuous_prior_detection_within_8,1,1,23.0,1,30,1,1,1,1
70-1,31,29,2,annotation_birth_no_prior_annotation,1,0,7.0,31,-1,-1,0,0,0
70-1,32,11,2,continuous_prior_detection_within_8,1,1,22.0,1,30,2,0,1,1
70-1,33,30,2,annotation_birth_no_prior_annotation,0,0,7.0,33,-1,-1,0,0,0
70-1,34,31,2,continuous_prior_detection_within_8,1,2,35.0,31,33,1,1,1,1
70-1,38,101,0,continuous_prior_detection_within_8,1,0,10.0,1,37,1,1,1,1
70-1,39,101,0,continuous_prior_detection_within_8,1,0,10.0,1,37,2,0,1,1
70-1,45,10,2,continuous_prior_detection_within_8,0,1,25.0,1,44,1,1,1,1
70-1,46,10,2,continuous_prior_detection_within_8,0,1,19.0,1,44,2,0,1,1
70-1,61,35,2,annotation_birth_no_prior_annotation,1,0,4.0,61,-1,-1,0,0,0
70-1,62,35,2,continuous_segment_never_detected_before,1,0,12.0,61,-1,-1,0,0,0
70-1,63,35,2,continuous_segment_never_detected_before,1,1,20.0,61,-1,-1,0,0,0
70-1,67,101,0,continuous_prior_detection_older_than_8,1,0,6.0,1,58,9,0,0,0
70-1,68,101,0,continuous_prior_detection_older_than_8,1,0,6.0,1,58,10,0,0,0
70-1,81,103,0,annotation_birth_no_prior_annotation,0,1,17.0,81,-1,-1,0,0,0
70-1,93,45,2,annotation_birth_no_prior_annotation,0,0,5.0,93,-1,-1,0,0,0
70-1,163,25,2,continuous_prior_detection_within_8,1,2,32.0,1,162,1,1,1,1
70-1,233,47,2,continuous_prior_detection_within_8,0,2,35.0,125,232,1,1,1,1
70-1,234,47,2,continuous_prior_detection_within_8,0,2,35.0,125,232,2,0,1,1
70-1,348,101,0,reappearance_after_annotation_gap,1,0,4.0,348,-1,-1,0,0,0
70-2,1,36,2,annotation_birth_no_prior_annotation,0,0,12.0,1,-1,-1,0,0,0
70-2,1,72,2,annotation_birth_no_prior_annotation,1,0,3.0,1,-1,-1,0,0,0
70-2,1,81,2,annotation_birth_no_prior_annotation,1,0,5.0,1,-1,-1,0,0,0
70-2,1,92,0,annotation_birth_no_prior_annotation,0,0,11.0,1,-1,-1,0,0,0
70-2,2,72,2,continuous_segment_never_detected_before,1,0,3.0,1,-1,-1,0,0,0
70-2,2,81,2,continuous_segment_never_detected_before,1,0,5.0,1,-1,-1,0,0,0
70-2,2,92,0,continuous_segment_never_detected_before,0,0,11.0,1,-1,-1,0,0,0
70-2,2,100,0,continuous_segment_never_detected_before,0,0,9.0,1,-1,-1,0,0,0
70-2,2,138,2,continuous_prior_detection_within_8,0,0,12.0,1,1,1,1,1,1
70-2,3,96,0,continuous_prior_detection_within_8,0,0,11.0,1,2,1,1,1,1
70-2,12,91,0,continuous_prior_detection_within_8,0,1,17.0,1,11,1,1,1,1
70-2,13,91,0,continuous_prior_detection_within_8,0,1,17.0,1,11,2,0,1,1
70-2,20,108,0,continuous_prior_detection_older_than_8,0,0,14.0,1,11,9,0,0,0
70-2,21,108,0,continuous_prior_detection_older_than_8,0,0,14.0,1,11,10,0,0,0
70-2,25,77,2,continuous_prior_detection_within_8,1,0,11.0,1,24,1,1,1,1
70-2,25,78,2,continuous_prior_detection_within_8,1,0,11.0,1,24,1,1,1,1
70-2,42,31,2,continuous_prior_detection_within_8,1,1,18.0,1,41,1,1,1,1
70-2,46,31,2,continuous_prior_detection_within_8,1,1,18.0,1,45,1,1,1,1
70-2,53,138,2,continuous_prior_detection_older_than_8,1,0,5.0,1,44,9,0,0,0
70-2,54,138,2,continuous_prior_detection_older_than_8,1,0,4.0,1,44,10,0,0,0
74-1,65,44,2,continuous_prior_detection_within_8,1,1,30.0,1,64,1,1,1,1
74-1,65,122,0,continuous_prior_detection_within_8,0,0,14.0,1,64,1,1,1,1
74-1,65,123,0,continuous_prior_detection_within_8,0,1,22.0,31,64,1,1,1,1
74-1,65,138,1,continuous_prior_detection_within_8,0,1,27.0,1,64,1,1,1,1
74-1,65,161,2,continuous_prior_detection_within_8,1,2,34.0,1,64,1,1,1,1
74-1,66,36,2,continuous_prior_detection_within_8,0,2,39.0,1,65,1,1,1,1
74-1,66,38,2,continuous_prior_detection_within_8,0,2,34.0,1,65,1,1,1,1
74-1,66,44,2,continuous_prior_detection_within_8,1,1,29.0,1,64,2,0,1,1
74-1,66,46,2,continuous_prior_detection_within_8,1,2,34.0,1,65,1,1,1,1
74-1,66,118,0,continuous_prior_detection_within_8,0,0,15.0,1,65,1,1,1,1
74-1,141,132,0,continuous_prior_detection_within_8,1,0,15.0,101,140,1,1,1,1
74-1,142,132,0,continuous_prior_detection_within_8,1,0,15.0,101,140,2,0,1,1
74-1,211,168,2,annotation_birth_no_prior_annotation,1,0,11.0,211,-1,-1,0,0,0
74-1,212,168,2,continuous_segment_never_detected_before,1,0,11.0,211,-1,-1,0,0,0
74-1,213,168,2,continuous_segment_never_detected_before,1,0,11.0,211,-1,-1,0,0,0
74-1,221,59,2,annotation_birth_no_prior_annotation,1,0,15.0,221,-1,-1,0,0,0
74-1,222,59,2,continuous_segment_never_detected_before,1,1,21.0,221,-1,-1,0,0,0
74-1,223,59,2,continuous_segment_never_detected_before,1,1,26.0,221,-1,-1,0,0,0
74-1,228,59,2,continuous_segment_never_detected_before,1,2,32.0,221,-1,-1,0,0,0
74-1,229,59,2,continuous_segment_never_detected_before,1,2,32.0,221,-1,-1,0,0,0
74-1,289,110,2,continuous_prior_detection_older_than_8,1,0,11.0,251,280,9,0,0,0
74-1,290,110,2,continuous_prior_detection_older_than_8,1,0,11.0,251,280,10,0,0,0
74-1,321,144,0,annotation_birth_no_prior_annotation,0,0,14.0,321,-1,-1,0,0,0
74-1,322,144,0,continuous_segment_never_detected_before,0,0,14.0,321,-1,-1,0,0,0
74-1,323,144,0,continuous_segment_never_detected_before,0,0,14.0,321,-1,-1,0,0,0
74-1,370,144,0,continuous_prior_detection_older_than_8,0,0,13.0,321,361,9,0,0,0
74-1,371,144,0,continuous_prior_detection_older_than_8,0,0,13.0,321,361,10,0,0,0
74-1,700,170,2,reappearance_after_annotation_gap,0,1,29.0,700,-1,-1,0,0,0
74-2,7,121,0,continuous_prior_detection_within_8,1,0,9.0,1,6,1,1,1,1
74-2,8,121,0,continuous_prior_detection_within_8,1,0,9.0,1,6,2,0,1,1
74-2,31,199,2,annotation_birth_no_prior_annotation,1,0,11.0,31,-1,-1,0,0,0
74-2,45,161,2,continuous_prior_detection_within_8,1,2,39.0,1,44,1,1,1,1
74-2,46,161,2,continuous_prior_detection_within_8,1,2,38.0,1,44,2,0,1,1
74-2,51,30,2,annotation_birth_no_prior_annotation,1,0,9.0,51,-1,-1,0,0,0
74-2,52,30,2,continuous_segment_never_detected_before,1,0,9.0,51,-1,-1,0,0,0
74-2,53,30,2,continuous_segment_never_detected_before,1,0,10.0,51,-1,-1,0,0,0
74-2,240,205,0,continuous_prior_detection_within_8,0,1,17.0,221,239,1,1,1,1
74-2,257,128,0,continuous_prior_detection_within_8,0,0,11.0,251,256,1,1,1,1
74-2,267,134,0,continuous_prior_detection_within_8,0,0,12.0,241,266,1,1,1,1
74-2,275,134,0,continuous_prior_detection_older_than_8,0,0,12.0,241,266,9,0,0,0
74-2,506,103,2,continuous_segment_never_detected_before,1,1,17.0,501,-1,-1,0,0,0
74-2,507,103,2,continuous_segment_never_detected_before,1,1,18.0,501,-1,-1,0,0,0
74-2,511,136,0,annotation_birth_no_prior_annotation,1,1,16.0,511,-1,-1,0,0,0
74-2,511,286,1,annotation_birth_no_prior_annotation,0,0,9.0,511,-1,-1,0,0,0
74-2,512,286,1,continuous_segment_never_detected_before,0,0,9.0,511,-1,-1,0,0,0
74-2,513,286,1,continuous_segment_never_detected_before,0,0,9.0,511,-1,-1,0,0,0
74-2,520,148,0,annotation_birth_no_prior_annotation,0,0,12.0,520,-1,-1,0,0,0
74-2,534,136,0,continuous_prior_detection_within_8,1,1,16.0,511,533,1,1,1,1
74-2,535,136,0,continuous_prior_detection_within_8,1,1,16.0,511,533,2,0,1,1
74-2,539,285,1,continuous_prior_detection_older_than_8,0,0,9.0,511,530,9,0,0,0
74-2,550,95,2,continuous_prior_detection_within_8,0,1,28.0,491,549,1,1,1,1
74-2,561,244,0,reappearance_after_annotation_gap,1,0,8.0,561,-1,-1,0,0,0
74-2,571,270,2,annotation_birth_no_prior_annotation,1,1,24.0,571,-1,-1,0,0,0
74-2,591,63,2,annotation_birth_no_prior_annotation,1,2,40.0,591,-1,-1,0,0,0
74-2,592,63,2,continuous_segment_never_detected_before,1,2,40.0,591,-1,-1,0,0,0
74-2,593,214,2,continuous_prior_detection_older_than_8,1,2,34.0,271,584,9,0,0,0
74-2,594,214,2,continuous_prior_detection_older_than_8,1,2,32.0,271,584,10,0,0,0
74-2,595,214,2,continuous_prior_detection_older_than_8,1,1,30.0,271,584,11,0,0,0
74-2,596,214,2,continuous_prior_detection_older_than_8,1,1,28.0,271,584,12,0,0,0
74-2,661,259,2,annotation_birth_no_prior_annotation,1,2,40.0,661,-1,-1,0,0,0
74-2,669,83,2,continuous_prior_detection_within_8,0,2,40.0,631,668,1,1,1,1
74-2,695,260,2,continuous_prior_detection_older_than_8,1,0,9.0,681,686,9,0,0,0
74-2,696,260,2,continuous_prior_detection_older_than_8,1,0,9.0,681,686,10,0,0,0
74-2,700,121,0,reappearance_after_annotation_gap,1,0,9.0,700,-1,-1,0,0,0
78-1,1,0,2,annotation_birth_no_prior_annotation,1,2,106.0,1,-1,-1,0,0,0
78-1,2,0,2,continuous_segment_never_detected_before,1,2,105.0,1,-1,-1,0,0,0
78-1,3,0,2,continuous_segment_never_detected_before,1,2,105.0,1,-1,-1,0,0,0
78-1,5,51,0,continuous_prior_detection_within_8,0,0,9.0,1,4,1,1,1,1
78-1,6,51,0,continuous_prior_detection_within_8,0,0,9.0,1,4,2,0,1,1
78-1,20,99,1,continuous_prior_detection_older_than_8,0,0,8.0,1,11,9,0,0,0
78-1,21,99,1,continuous_prior_detection_older_than_8,0,0,8.0,1,11,10,0,0,0
78-1,31,47,0,annotation_birth_no_prior_annotation,1,0,5.0,31,-1,-1,0,0,0
78-1,32,47,0,continuous_segment_never_detected_before,1,0,6.0,31,-1,-1,0,0,0
78-1,33,47,0,continuous_segment_never_detected_before,1,0,7.0,31,-1,-1,0,0,0
78-1,72,23,2,annotation_birth_no_prior_annotation,1,0,7.0,72,-1,-1,0,0,0
78-1,182,42,0,continuous_prior_detection_within_8,1,0,6.0,1,181,1,1,1,1
78-1,182,43,0,continuous_prior_detection_within_8,1,0,6.0,1,181,1,1,1,1
78-2,1,70,1,annotation_birth_no_prior_annotation,0,0,9.0,1,-1,-1,0,0,0
78-2,1,74,1,annotation_birth_no_prior_annotation,0,0,9.0,1,-1,-1,0,0,0
78-2,1,108,2,annotation_birth_no_prior_annotation,1,0,7.0,1,-1,-1,0,0,0
78-2,1,109,2,annotation_birth_no_prior_annotation,1,0,6.0,1,-1,-1,0,0,0
78-2,2,70,1,continuous_segment_never_detected_before,0,0,9.0,1,-1,-1,0,0,0
78-2,2,74,1,continuous_segment_never_detected_before,0,0,9.0,1,-1,-1,0,0,0
78-2,2,108,2,continuous_segment_never_detected_before,1,0,6.0,1,-1,-1,0,0,0
78-2,2,109,2,continuous_segment_never_detected_before,1,0,5.0,1,-1,-1,0,0,0
78-2,7,50,0,continuous_prior_detection_within_8,0,0,11.0,1,6,1,1,1,1
78-2,8,50,0,continuous_prior_detection_within_8,0,0,11.0,1,6,2,0,1,1
78-2,9,57,0,continuous_prior_detection_within_8,1,0,9.0,6,8,1,1,1,1
78-2,10,57,0,continuous_prior_detection_within_8,1,0,9.0,6,8,2,0,1,1
78-2,11,91,0,continuous_prior_detection_within_8,0,1,19.0,1,10,1,1,1,1
78-2,15,43,0,continuous_prior_detection_within_8,0,1,18.0,1,14,1,1,1,1
78-2,45,71,1,continuous_prior_detection_older_than_8,0,0,9.0,1,36,9,0,0,0
78-2,46,71,1,continuous_prior_detection_older_than_8,0,0,9.0,1,36,10,0,0,0
78-2,66,60,1,continuous_prior_detection_older_than_8,0,1,16.0,1,57,9,0,0,0
78-2,67,60,1,continuous_prior_detection_older_than_8,0,1,16.0,1,57,10,0,0,0
78-2,122,26,2,continuous_segment_never_detected_before,1,1,19.0,121,-1,-1,0,0,0
78-2,151,48,0,annotation_birth_no_prior_annotation,1,1,16.0,151,-1,-1,0,0,0
78-2,152,48,0,continuous_segment_never_detected_before,1,1,16.0,151,-1,-1,0,0,0
78-2,172,109,2,continuous_prior_detection_within_8,1,1,19.0,1,171,1,1,1,1
78-2,177,110,2,continuous_prior_detection_within_8,1,1,19.0,71,176,1,1,1,1
78-2,185,110,2,continuous_prior_detection_older_than_8,1,1,19.0,71,176,9,0,0,0
78-2,186,110,2,continuous_prior_detection_older_than_8,1,1,19.0,71,176,10,0,0,0
78-2,212,90,2,continuous_prior_detection_older_than_8,1,0,15.0,1,201,11,0,0,0
78-2,213,90,2,continuous_prior_detection_older_than_8,1,0,14.0,1,201,12,0,0,0
