pair,gt_observations,current_detected,current_missing,current_recall,missing_prior_1,missing_prior_4,missing_prior_8,annotation_births,stream_start_left_censored_births,annotation_reappearances
23,34030,33852,178,0.9947693211871877,74,113,123,159,27,13
25,51626,48705,2921,0.9434199821795219,1049,1965,2189,270,71,3
28,102839,94008,8831,0.9141279086727798,2110,4604,5919,333,167,4
29,107020,104324,2696,0.9748084470192487,1456,2210,2309,439,94,36
39,8440,8427,13,0.9984597156398104,10,10,10,58,30,2
44,31747,31619,128,0.9959681229722493,64,99,103,145,110,0
45,77381,73352,4029,0.9479329551181814,2128,3564,3818,382,160,38
51,41226,40720,506,0.9877261922088003,104,167,183,278,58,6
53,35097,35069,28,0.9992022110151865,13,24,25,208,96,0
63,25367,25043,324,0.9872275002956598,115,228,281,165,56,11
66,40656,39817,839,0.9793634395907124,209,421,529,236,165,0
69,101348,95772,5576,0.9449816473931405,1407,3153,3983,288,135,7
70,48013,44856,3157,0.9342469747776644,615,1276,1639,276,158,2
74,94207,92615,1592,0.9831010434468777,842,1302,1389,470,130,13
78,69565,66718,2847,0.9590742471070222,420,1047,1430,225,189,0
