sequence,stream_frames,detector_rows,gt_observations,current_detected,current_missing,current_recall,missing_prior_1,missing_prior_4,missing_prior_8,annotation_births,stream_start_left_censored_births,annotation_reappearances
23-1,700,23248,16924,16799,125,0.9926140392342235,42,65,73,83,8,6
23-2,700,25256,17106,17053,53,0.9969016719279785,32,48,50,76,19,7
25-1,500,40619,37355,34515,2840,0.9239726944184179,993,1887,2108,198,46,0
25-2,500,25183,14271,14190,81,0.9943241538784948,56,78,81,72,25,3
28-1,700,40977,27360,26868,492,0.9820175438596491,144,277,340,133,46,4
28-2,700,69883,75479,67140,8339,0.8895189390426477,1966,4327,5579,200,121,0
29-1,700,63932,43820,43362,458,0.9895481515289822,254,391,418,192,37,13
29-2,700,69993,63200,60962,2238,0.9645886075949367,1202,1819,1891,247,57,23
39-1,400,5694,2155,2153,2,0.9990719257540603,2,2,2,19,11,0
39-2,400,15425,6285,6274,11,0.9982498011137629,8,8,8,39,19,2
44-1,360,23308,19944,19873,71,0.9964400320898515,40,59,59,89,65,0
44-2,360,14090,11803,11746,57,0.9951707193086503,24,40,44,56,45,0
45-1,400,40000,39940,37020,2920,0.9268903355032548,1441,2541,2752,202,70,28
45-2,400,40000,37441,36332,1109,0.9703800646350258,687,1023,1066,180,90,10
51-1,430,12413,9525,9469,56,0.9941207349081365,24,35,39,92,11,4
51-2,430,36076,31701,31251,450,0.9858048641998675,80,132,144,186,47,2
53-1,500,14166,11768,11768,0,1.0,0,0,0,80,34,0
53-2,500,27287,23329,23301,28,0.9987997771014617,13,24,25,128,62,0
63-1,700,18272,10936,10821,115,0.9894842721287491,45,87,106,68,27,2
63-2,700,23658,14431,14222,209,0.9855172891691497,70,141,175,97,29,9
66-1,300,19046,15479,15373,106,0.993152012403902,30,54,65,93,65,0
66-2,300,27855,25177,24444,733,0.9708861262263176,179,367,464,143,100,0
69-1,700,66161,44997,44110,887,0.9802875747272041,346,644,741,162,48,3
69-2,700,68408,56351,51662,4689,0.9167894092385228,1061,2509,3242,126,87,4
70-1,348,18046,15358,15147,211,0.986261231931241,31,67,76,108,43,2
70-2,348,33509,32655,29709,2946,0.9097841065686725,584,1209,1563,168,115,0
74-1,700,57657,42531,42179,352,0.9917236839011545,160,296,321,179,59,9
74-2,700,62375,51676,50436,1240,0.9760043347008283,682,1006,1068,291,71,4
78-1,348,34560,32566,32174,392,0.9879629060983848,44,120,167,107,86,0
78-2,348,34800,36999,34544,2455,0.933646855320414,376,927,1263,118,103,0
