stratum,n,raft_better_than_zero_fraction,mean_paired_error_reduction_px,current_center_outside_count,past_center_outside_count,raft_endpoint_outside_count,raft_error_px_mean,raft_error_px_median,raft_error_px_p90,zero_error_px_mean,zero_error_px_median,zero_error_px_p90,raft_error_over_current_sqrt_area_mean,raft_error_over_current_sqrt_area_median,raft_error_over_current_sqrt_area_p90,zero_error_over_current_sqrt_area_mean,zero_error_over_current_sqrt_area_median,zero_error_over_current_sqrt_area_p90,raft_error_over_past_sqrt_area_mean,raft_error_over_past_sqrt_area_median,raft_error_over_past_sqrt_area_p90,zero_error_over_past_sqrt_area_mean,zero_error_over_past_sqrt_area_median,zero_error_over_past_sqrt_area_p90
overall,40420,0.8461652647204354,11.156474119330447,0,1,76,3.8882593583088454,1.3646815620909565,8.38517577392976,15.044733477639292,7.3824115301167,37.33630940518894,0.13907542025240235,0.04389518806036141,0.3529786376069804,0.4689218784064737,0.22941573387056177,1.210221210427925,0.1388332632288243,0.043975360477090525,0.35053287099685493,0.47033013570233734,0.22976783975032805,1.2144856722588315
lag/1/all,13579,0.7896015906915089,2.2866948449326148,0,0,0,1.2685349598806148,0.816327679022656,2.71307230345579,3.5552298048132296,2.5,7.280109889280518,0.045003941321836965,0.025132282425065454,0.1084866707054585,0.11132016615060396,0.07736784709142126,0.2587791729432741,0.044951985003536164,0.025132204670298433,0.10808951503071758,0.11137348246651943,0.07733602811121824,0.25899173146845506
lag/1/class_id/0,3389,0.764532310416052,1.7947385572407144,0,0,0,1.636998051198965,1.1282739387094798,3.289599707296826,3.43173660843968,3.0,7.0,0.0856773368841486,0.06800497466476794,0.1679453438478065,0.18872663033575393,0.16294872684896727,0.36871719430301503,0.08554689043564372,0.06811658436447392,0.16719732991226202,0.18858510561292216,0.16343011261515336,0.36924164671662346
lag/1/class_id/1,1497,0.6840347361389446,1.8749303886274862,0,0,0,0.9564362176060952,0.5745981701270892,1.9249824030690912,2.831366606233581,2.0,6.082762530298219,0.045548935698055196,0.028272461052447358,0.10135669675729846,0.1318122551911236,0.09694584179118516,0.30815230900623336,0.04553633427748305,0.028174589107267247,0.10055910145279906,0.13175460075667872,0.09694584179118516,0.3086066999241838
lag/1/class_id/2,8693,0.8175543540779938,2.549394862196692,0,0,0,1.1786339361496896,0.7572801396147218,2.492798717971545,3.7280287983463816,2.5,8.0,0.02905340708257863,0.017501887818924113,0.06526615092524639,0.07761406188083159,0.06063390625908324,0.15811388300841897,0.029025273238609102,0.01750756102141577,0.0652879091348958,0.0777624477347206,0.060522753266880246,0.15825860786812948
lag/1/current_min_side_lt16/False,9918,0.8182093163944344,2.6743213584880166,0,0,0,1.3624561570732172,0.850240667204093,2.9319780335204,4.0367775155612335,3.0,8.096246136906252,0.03677536813111528,0.019627315846363243,0.09081140141609173,0.09810280870734726,0.06846846650617365,0.22295201801997955,0.03678589237595897,0.019662093233634586,0.09053822708673014,0.09827477704018701,0.06846846650617365,0.2229678808461023
lag/1/current_min_side_lt16/True,3661,0.7121005189838842,1.2365774558469897,0,0,0,1.0140934319493853,0.7301227719379573,2.1729112218289397,2.250670887796375,1.5,5.0990195135927845,0.0672959350136091,0.0509333108710377,0.14071013665219656,0.147127254684398,0.1091089451179962,0.3305203435175989,0.06707471285939813,0.05117470697881196,0.14112587440563126,0.14685913131065081,0.1091089451179962,0.33011264588676237
lag/1/current_occluded/0,10764,0.7934782608695652,2.4351882069462385,0,0,0,1.2692603684113708,0.8457704441049065,2.7169264803105957,3.7044485753576093,2.8284271247461903,8.0,0.0456886109249063,0.025602300742687153,0.11233634496537659,0.11610535484598405,0.08084520834544433,0.2691544009999155,0.045693764578472004,0.025593512304560615,0.11241995360337911,0.1161484469378116,0.08084520834544433,0.26919095102908275
lag/1/current_occluded/1,2815,0.7747779751332149,1.7188857690126673,0,0,0,1.2657611419676285,0.73463320705231,2.676317181861396,2.984646910980296,2.0615528128088303,6.324555320336759,0.042385900963954816,0.02399714720793134,0.09299779090373021,0.09302255651754136,0.06827887419989188,0.1987289002238914,0.042115567474367635,0.023944002868144746,0.0922165364956629,0.09311496823242041,0.06804138174397717,0.19823561058051475
lag/1/current_sqrt_area_lt16/False,11372,0.8067182553640521,2.530327662463487,0,0,0,1.3419363981366372,0.8439921854578927,2.8900046544553173,3.8722640606001244,3.0,8.0156097709407,0.04030090637341103,0.02158183430226865,0.09869885789994239,0.10467021349967544,0.07213122508063838,0.24211243456958997,0.0402680859951076,0.02156932699279161,0.09823390962158053,0.10475303414811846,0.07216878364870322,0.2424136737377284
lag/1/current_sqrt_area_lt16/True,2207,0.7014046216583598,1.0313290085207079,0,0,0,0.8903196649791697,0.6870145966679869,1.8806881478673882,1.9216486734998774,1.4142135623730951,4.47213595499958,0.06923725053502222,0.05650922653431213,0.1416166251816537,0.14558535035828812,0.10259783520851541,0.32596012026013244,0.06908669253586497,0.05649902087965452,0.1423172846158048,0.14548663981896875,0.10259783520851541,0.32596012026013244
lag/1/past_occluded/0,10746,0.7935045598362181,2.4483884516361707,0,0,0,1.2638891144886693,0.8454041205432963,2.712843694144432,3.7122775661248397,2.8284271247461903,8.0,0.04566578072821612,0.025556937037309616,0.11216946548871229,0.11649499118103727,0.08084520834544433,0.26996609274186484,0.045652163712211584,0.02554505245637432,0.11203503368150257,0.11648665213707503,0.08084520834544433,0.26967994498529685
lag/1/past_occluded/1,2833,0.7747970349452877,1.6733663953609892,0,0,0,1.2861573582504864,0.7354461248745613,2.7117535007241167,2.9595237536114753,2.0615528128088303,6.082762530298219,0.042493483764141825,0.024088529355368146,0.09281288365026258,0.09169126753534229,0.06796436827080402,0.1938625597805027,0.04229610063946059,0.024052751621888423,0.09246803903634311,0.09197845201124573,0.06788442333021306,0.1966788735288842
lag/1/path_any_occluded/0,10708,0.7931453119163242,2.4360636959342337,0,0,0,1.260785289003042,0.8431600640262675,2.706378784356343,3.6968489849372754,2.8284271247461903,8.0,0.045613198862870186,0.025443524974206252,0.11206501461185436,0.11609254154723515,0.0806980258602327,0.26943511520719615,0.0456080459769405,0.025462769554462722,0.11203233952407886,0.1161172005076631,0.0806980258602327,0.26930941770888894
lag/1/path_any_occluded/1,2871,0.7763845350052246,1.729592212914036,0,0,0,1.2974389918405762,0.7412332068808712,2.7835280737270156,3.0270312047546124,2.1213203435596424,6.5,0.04273158682884371,0.02423486244843429,0.09372041144521452,0.0935205856047569,0.06887548923294702,0.19920476822239894,0.04250506723857149,0.024245811576547118,0.0926562940616593,0.09368078557186023,0.06883324492990887,0.1987615979999813
lag/4/all,13468,0.8630828630828631,10.38001135222139,0,1,22,3.6227212609673214,1.5946541159489218,8.25312383091524,14.00273261318871,10.012492197250394,29.154759474226502,0.13040727529121862,0.04996864423331911,0.35964845931200257,0.4354742035092727,0.28867513459481287,1.0253272582518824,0.12994328056467777,0.05004966634197766,0.35617869640455174,0.4359355872754161,0.28848538743653807,1.026760342359282
lag/4/class_id/0,3349,0.8118841445207524,8.097432613299729,0,0,1,5.45335059402794,3.522338572764449,11.099927578012897,13.55078320732767,11.045361017187261,27.007405820667763,0.2804343869139106,0.20950443419858245,0.5752351037334612,0.7423180373949989,0.6317185472830179,1.4455807007381374,0.2793692681303598,0.20980797798707426,0.5750823099173257,0.7416558210475207,0.6338656910463875,1.478813134229304
lag/4/class_id/1,1490,0.812751677852349,8.636811006586024,0,0,0,2.442584145641466,1.0320867383313541,4.790572250597396,11.07939515222749,8.0,24.08318915758459,0.11311815338098712,0.055869380806666744,0.23136862575374426,0.5123153932014379,0.3695373018774088,1.2553376803042604,0.11286162488626166,0.055869380806666744,0.2269122095128602,0.511421566956798,0.3695373018774088,1.2553376803042604
lag/4/class_id/2,8629,0.8916444547456253,11.566907251125704,0,1,21,3.1160144195506456,1.322804778185125,6.574598701793954,14.682921670676349,10.0,31.340055559526355,0.07516564761962859,0.03177311088897936,0.15931065081932524,0.3031166450060135,0.22911095579513321,0.6233889954529007,0.07489913113871544,0.031987504441173396,0.1620589743643968,0.3042481179709733,0.22972303229895658,0.6282927140164946
lag/4/current_min_side_lt16/False,9861,0.887840989757631,12.08403909877039,0,1,14,3.8277450202417436,1.6341440360262005,8.740350774421337,15.911784119012138,11.40175425099138,33.0037876614185,0.1050054188882272,0.03804023612985035,0.2868286113213168,0.3858995712285793,0.2643566110544981,0.8798424898909712,0.10532453457079709,0.03821420801439174,0.2865321109874203,0.387775878129312,0.2653343152526162,0.8915310349095518
lag/4/current_min_side_lt16/True,3607,0.7953978375381203,5.721453656429952,0,0,8,3.062216883311351,1.5063990630950914,7.540892559129343,8.783670539741303,6.082762530298219,21.0,0.19985216189778876,0.10372596243988136,0.48426387085222355,0.5710038538890667,0.4146777929400994,1.3339003669110547,0.19724726011711946,0.10365779792060802,0.48216222116529966,0.5675970488472853,0.4133198922545748,1.3316007144322999
lag/4/current_occluded/0,10739,0.8667473694012477,11.022657732672846,0,0,5,3.588723291204821,1.63653038445926,8.280046870790557,14.611381023877664,10.44030650891055,30.504098085339287,0.1336768967083658,0.04954504202777223,0.37919055397247803,0.4553176466858736,0.3044455202986767,1.0692248658670778,0.13398246640484676,0.04974006687717934,0.37976024438501105,0.4569875521891441,0.3053051046028411,1.0755364121565083
lag/4/current_occluded/1,2729,0.8486625137412972,7.851107182317327,0,1,17,3.7565080683251404,1.4876182111829712,8.085831063590073,11.607615250642468,8.06225774829855,25.307069325985097,0.11754085374532505,0.05136330629024922,0.2637980676621011,0.3573874551496112,0.24608223180836108,0.7754422587428818,0.1140485144461087,0.05166692558518624,0.2575464355603964,0.35309313538515413,0.24579802006254375,0.7627039162251057
lag/4/current_sqrt_area_lt16/False,11298,0.8769693751106391,11.449306164797227,0,1,16,3.819345881148999,1.64458170901174,8.764113993021487,15.268652045946226,11.045361017187261,31.76121598227285,0.1171959600196291,0.04246071392700311,0.32360831926213696,0.41189986489868174,0.2782225313661688,0.9639633529162558,0.11706729215921606,0.04268298827065418,0.31875177254931103,0.41279804926065866,0.27844793213652097,0.9736728739655518
lag/4/current_sqrt_area_lt16/True,2170,0.7907834101382488,4.812779650616862,0,0,6,2.599004690085943,1.3918241586298592,6.611324891514875,7.411784340702805,5.0,18.110770276274835,0.19919134899555888,0.11066623611546295,0.49342027742582006,0.5582128567915111,0.3924364516280131,1.3364467994178977,0.19698149116601704,0.11232239180509851,0.48280988744783254,0.5564000593909597,0.39297989860632065,1.3377121081198773
lag/4/past_occluded/0,10679,0.866747822829853,11.040642928659452,0,0,1,3.5665736486670294,1.6328026977528418,8.282561814149641,14.607216577326481,10.44030650891055,30.516389039334257,0.13402609052474818,0.04952240994178104,0.38124713735276816,0.45675582662821884,0.304724700110022,1.0740552924509195,0.13367522648535302,0.04970580339366221,0.3803349676791937,0.4568664431364478,0.3053051046028411,1.0753200118414186
lag/4/past_occluded/1,2789,0.8490498386518466,7.85047223254334,0,1,21,3.8377088377886968,1.4970348059817293,8.085069863517015,11.688181070332035,8.06225774829855,25.051942139782902,0.116550936862082,0.05146823350153975,0.2645535834442218,0.3539874866619347,0.24618298195866548,0.7597207440095161,0.11565376802007715,0.052141356794765815,0.26246614536981283,0.3557919480714156,0.2461829819586655,0.7713165345225038
lag/4/path_any_occluded/0,10593,0.8665156235249694,10.975040141366694,0,0,1,3.5145497577151383,1.6132565509716736,8.224104780169878,14.489589899081835,10.307764064044152,30.140498780086332,0.1330615011253703,0.0490789899587863,0.37894565511940287,0.45439390685614794,0.3039975820866507,1.067793474966639,0.1329822199697063,0.04922570433410096,0.37872217001393305,0.455153116857149,0.3042903097250923,1.0739907622879046
lag/4/path_any_occluded/1,2875,0.8504347826086956,8.187614843207042,0,1,21,4.021281516254406,1.5332310109223757,8.560077318652814,12.208896359461448,8.381527307120106,26.151469103250058,0.12062772250472513,0.053273178869012186,0.2797413183143473,0.365764145229812,0.25,0.7949772767242557,0.11874624226295002,0.05385190612950993,0.2730789274730139,0.36512818175913914,0.25080515506355056,0.8072478584841548
lag/8/all,13373,0.8865624766320197,20.944863659035303,0,0,54,6.81576288790225,2.2527187167338694,16.22687284509556,27.760626546937548,20.12461179749811,58.51580943013781,0.2433257147813316,0.06778086513886682,0.7276385550759898,0.8657174318528176,0.5741646730427908,2.0334531570557997,0.24311384077626422,0.06820853306943205,0.7203362170065286,0.8694551018657221,0.5773502691896257,2.037568296346736
lag/8/class_id/0,3322,0.8287176399759181,16.164207511794746,0,0,5,10.597917811796592,6.184631807206429,22.342297120816962,26.762125323591338,22.20360331117452,52.966730291417086,0.5382597938980482,0.37655685205407274,1.133712043796166,1.4770856036672964,1.2947719699279272,2.9038066801923565,0.5375685562658368,0.3781558518214544,1.1245070020423484,1.4773025914060867,1.2936022791077222,2.9360003472778553
lag/8/class_id/1,1482,0.8529014844804319,18.399093019048223,0,0,0,3.7304978112778175,1.4027239614839293,5.734820996753084,22.129590830326038,16.0,48.648202017891116,0.1737083830029388,0.07227059702037322,0.25298664418940314,1.022674472257679,0.7617301354145383,2.496705514745155,0.17338908218609242,0.07234589247584117,0.2531416441603568,1.0220701944118882,0.7631461332567697,2.5123255545675782
lag/8/class_id/2,8569,0.9148091959388494,23.238500233850793,0,0,49,5.883103789568769,1.8663002302974039,11.598462492125158,29.12160402341956,20.024984394500787,62.40712150145093,0.14102694886580414,0.04365788342575289,0.29719442719125844,0.6015587901621064,0.45091015108264765,1.2291641570689265,0.1410194922378437,0.04385249902415178,0.3023721223163456,0.6074122815358693,0.4531883252772008,1.241502853116672
lag/8/current_min_side_lt16/False,9795,0.9067891781521185,24.20666114800074,0,0,34,7.268952366048036,2.2517582043284907,17.052974854211477,31.475613514048778,22.847319317591726,64.86562835894884,0.1995915841004037,0.05136073065043802,0.591750076755877,0.7640021275511152,0.5220693354119198,1.7338852503497415,0.2018609904347394,0.05188105334411303,0.58792149873177,0.7731663742410977,0.5252491083636177,1.7622781035089004
lag/8/current_min_side_lt16/True,3578,0.8311906092789267,12.015487917163727,0,0,20,5.575128192978273,2.258657583349642,14.632058916046578,17.590616110142,12.165525060596439,41.45207411448633,0.3630506477102553,0.1549317541364627,0.9393117651905365,1.144169473673716,0.8323792635766705,2.6470701210525394,0.35604611274251213,0.15492651785301453,0.926925484948479,1.1330515487866823,0.8236653422746966,2.6335960977228203
lag/8/current_occluded/0,10704,0.8891068759342302,21.926367312450505,0,0,12,6.957552987365747,2.309582136246045,16.501998819408254,28.88392029981625,21.095023109728988,60.49007993367176,0.25636753908988863,0.06701415912024491,0.7915412796536274,0.9023820678579728,0.6020084060612687,2.107372274973189,0.25880587575719394,0.06739841197860535,0.7921897685545037,0.9115056223491925,0.6052614092155912,2.131949774170414
lag/8/current_occluded/1,2669,0.8763581865867366,17.008552266694963,0,0,42,6.247114995561569,2.0515272040713532,13.061700742710007,23.25566726225653,16.3783393541592,49.059094726013896,0.19102159810887193,0.07099372685777071,0.43972578881597635,0.718674245715994,0.4985908849388344,1.5736194838193607,0.18018107852977794,0.07137312765302141,0.41401062976073316,0.7008118754681697,0.49216446361672217,1.5198746052718526
lag/8/current_sqrt_area_lt16/False,11218,0.8973970404706721,23.033657426374337,0,0,39,7.215546810402231,2.2754715372241456,17.121650338432826,30.249204236776563,22.051077071199945,63.0,0.22084306787257219,0.05752427578877506,0.6637694293004929,0.8174862141977692,0.5490111051341708,1.9008485628883351,0.22165168525950807,0.05789108671217769,0.6537129224513237,0.8234538413451342,0.5519636919594633,1.9283875228080911
lag/8/current_sqrt_area_lt16/True,2155,0.8301624129930394,10.071504734669022,0,0,15,4.734660315927861,2.130916453408683,12.628276094707475,14.806165050596883,10.0,36.05551275463989,0.36036067210034,0.16487956884572708,0.9396510952787798,1.1167883365648046,0.7844645405527362,2.6465349995248397,0.35483656030618044,0.16487956884572708,0.9309828636463707,1.1089178120837988,0.7844645405527362,2.63058926224736
lag/8/past_occluded/0,10635,0.8881053126469205,21.949241654054806,0,0,4,6.940513995319747,2.302750705108055,16.771483474641485,28.889755649374557,21.095023109728988,60.746604835033985,0.25813405494715036,0.06675331684571842,0.7963913262368725,0.9068539940016723,0.6008688379618337,2.117665127441515,0.2567455807685881,0.06717238436133356,0.7896678310156454,0.9078361587184317,0.6009252125773314,2.1305185426854303
lag/8/past_occluded/1,2738,0.8805697589481373,17.043636494304664,0,0,50,6.331201884474535,2.0894056362209215,12.435063516458388,23.3748383787792,16.236477668400674,49.068239633731054,0.18580683323878888,0.07223336087746407,0.4250759685951108,0.7059338896858813,0.5002049460652978,1.5203663734526593,0.1901651355832895,0.07264032188598049,0.43435515421410714,0.7203745541562381,0.5025581638526118,1.5419468176659243
lag/8/path_any_occluded/0,10479,0.8888252695867926,21.824787881925356,0,0,3,6.7553078168686085,2.2578878902174186,16.408382075407673,28.58009569879397,21.02379604162864,59.776667542702285,0.25378955672538406,0.06539983907805988,0.7869268731886618,0.8996536492606041,0.5966444133523384,2.1051838728178556,0.25426483157321006,0.06579969019908703,0.786669438016668,0.9042324617290888,0.5986872477283283,2.1228303859422657
lag/8/path_any_occluded/1,2894,0.8783690393918452,17.758710952862213,0,0,51,7.034667065290474,2.2441401203613327,14.765465252683285,24.793378018152683,17.0,53.130961672555685,0.20543677223408724,0.07547831426171465,0.4910005480735616,0.7428364290137734,0.5100358550051522,1.6206053184469742,0.20273677354710182,0.07664499870250688,0.463054046815986,0.7435283727682034,0.5094128632551922,1.6124198277103965
pair/23/lag/1,391,0.8184143222506394,3.651815122486007,0,0,0,2.0809195286248063,1.1202193082859102,4.887184192870169,5.732734651110814,4.0,12.0,0.04387550229249954,0.02439426714287871,0.10214639016952531,0.11717298928446782,0.08512565307587486,0.2620712091804796,0.04383166498204809,0.024485344864124542,0.10158107014024707,0.11702027340210198,0.08444006618414981,0.2620712091804796
pair/23/lag/4,387,0.8527131782945736,15.936021207688611,0,0,1,6.267032775433822,2.860903042354411,16.8232779309697,22.203053983122434,16.070158679988197,45.54564426016428,0.1323858428104856,0.06553059438697179,0.3526686947761871,0.45875951543534854,0.3269899059436931,1.02515549628089,0.13115879152454213,0.06551230326933807,0.34339675784705675,0.4576843940816812,0.3268880419381764,1.0368465006366103
pair/23/lag/8,383,0.8981723237597912,31.603458993640476,0,0,3,11.55692096656365,4.392452160921263,23.540582721237694,43.160379960204125,32.31485726411305,88.56965290530773,0.23390949859323726,0.09521974316669692,0.5802295580181942,0.8901191814790904,0.6236687950807278,2.033392586429484,0.23820669461002467,0.0971435686870283,0.5542618290226344,0.8949430956815219,0.6287677132370127,2.033226138376858
pair/25/lag/1,835,0.8263473053892215,1.8358205518107131,0,0,0,1.3608171177091377,0.6274474228265884,3.2474249939175337,3.1966376695198506,2.0,7.049774456642926,0.05611159947192892,0.026732577397873457,0.1345424727045196,0.12132020176011862,0.08671099695241201,0.2579208823629466,0.056046774725851636,0.02679090910386711,0.13429185385825498,0.12128086865714284,0.0871165065546462,0.25650784138089394
pair/25/lag/4,831,0.8820697954271961,8.249097765754422,0,0,0,4.273373398848319,1.259594200425714,11.422508397417207,12.52247116460274,7.211102550927978,27.202941017470888,0.17787512662681565,0.05261117346238519,0.5019220406960937,0.47353934627053107,0.3305203435175989,1.0206207261596576,0.17731349679874592,0.053226766928354693,0.5111060902927215,0.4735634835956288,0.3305203435175989,1.0159443179342345
pair/25/lag/8,830,0.8795180722891566,14.32799175966768,0,0,4,9.99732695667152,1.8239521812989719,25.661794298110255,24.325318716339194,14.004462863060951,52.181348009026415,0.38278194246134534,0.07692883311601165,1.1758205611365709,0.9194081890214549,0.6300035795347175,2.022083204491954,0.3823716488630088,0.07741187646049918,1.2617267780525812,0.9230358092406173,0.6371623269777605,2.014686937154501
pair/28/lag/1,1167,0.7729220222793488,1.4986642889240136,0,0,0,0.9886427306410114,0.6925906970711602,1.9364390446444502,2.487307019565025,1.4142135623730951,6.0,0.039150309006242376,0.025517677659988473,0.08522003081682268,0.07707823939464803,0.06122193999728762,0.17677669529663687,0.03922087087269252,0.025381329469443038,0.08532679824359142,0.07713951431292804,0.06085806194501846,0.17677669529663687
pair/28/lag/4,1161,0.8742463393626184,7.246672156960545,0,0,1,2.6958165034270727,1.1850037061767869,5.328559285918314,9.94248866038762,5.024937810560445,25.04495957273639,0.09592524788275504,0.0523090002181658,0.2269138580134221,0.3003126799497754,0.20719385350268701,0.6900655593423543,0.09558999251571652,0.052361471143306665,0.22718074518690284,0.30008712290143563,0.20757680692865937,0.6921416779112426
pair/28/lag/8,1154,0.9072790294627383,15.81084512492633,0,0,6,4.432412567431483,1.574529838377629,8.929402297795995,20.243257692357812,10.51189802081432,50.86855299624854,0.16216812273368295,0.06541229683967281,0.4174975609866963,0.6098018189164969,0.4253984270759098,1.3875639567422162,0.1689058019478334,0.0658755812346968,0.4181694428304568,0.615372611019229,0.42945790652931337,1.4326112009783638
pair/29/lag/1,1184,0.910472972972973,2.9421115413197763,0,0,0,1.3214160600841955,0.8769223416392096,2.968903344917115,4.26352760140397,3.605551275463989,7.600953066667972,0.04191296275390778,0.02837175122089155,0.09801274101502849,0.1299846407413069,0.10143010324169743,0.24722569302909875,0.041792309151310485,0.02871337842891114,0.09811932729747885,0.1297452400612273,0.10143010324169743,0.24722569302909875
pair/29/lag/4,1176,0.9574829931972789,13.961911112201014,0,0,0,2.9797914137083295,1.8151459110490062,6.041129976394449,16.941702525909346,14.146553660907928,30.465100845412678,0.09536593133534185,0.055216077577301695,0.23304120372792012,0.513961285489323,0.40068683404834216,0.9679431592597176,0.09447572161272,0.055582252555002834,0.23090831819584728,0.5128055965362037,0.40068683404834216,0.976441493419802
pair/29/lag/8,1161,0.9724375538329026,28.988739156251892,0,0,2,4.805096836190112,2.2572482438022266,10.029052312717376,33.793835992442006,29.436372059070052,60.747427929090136,0.14955753663497698,0.06968095340888818,0.38185016178442477,1.0224352285148843,0.823370395614022,1.8908486565495684,0.1481882077203572,0.06968226188218782,0.38185016178442477,1.0213469563105444,0.8234676784092572,1.9224703693145235
pair/39/lag/1,171,0.6081871345029239,2.1227915786285023,0,0,0,5.2730326545314075,3.1200962406341453,10.293115406413877,7.395824233159909,3.640054944640259,14.0,0.11213814310273976,0.05361206514297796,0.25128650118199686,0.12044577021889856,0.04499212706658476,0.2799818396047761,0.11040514431064026,0.05361206514297796,0.25128650118199686,0.11874735730529884,0.04499212706658476,0.2799818396047761
pair/39/lag/4,168,0.6488095238095238,7.916416425673713,0,0,1,20.083775028533505,8.048651920638694,40.8188631553948,28.00019145420722,13.871803066233198,57.26864137002174,0.3989601548752018,0.1479939179134268,1.0620362757624058,0.4520534570400252,0.1724911924331955,1.0852872265495805,0.38829581174377187,0.14104516138958562,1.0642683250385172,0.4434221183340624,0.1724911924331955,1.1434897222126363
pair/39/lag/8,163,0.656441717791411,12.370417300537152,0,0,0,37.432268639945576,13.796953931820376,66.99038472741643,49.80268594048273,26.725456029785533,101.94949620832202,0.7213914547091314,0.19470217614497096,1.864005238660678,0.7963034691334394,0.3190614866887528,1.8995742045742934,0.7079286846364052,0.18230947968251815,1.8849739685918325,0.7980651463185904,0.33432866767445124,1.9317338654612775
pair/44/lag/1,697,0.8407460545193687,1.6028551074046247,0,0,0,1.1059711356160473,0.8561701364269236,2.268177555759006,2.708826243020672,2.5,4.0,0.034741712490839745,0.010350815300334973,0.10202224477428733,0.0692004744912048,0.033557802760701215,0.2065591117977289,0.03466231484255996,0.010350815300334973,0.10179736660568603,0.06908604253705808,0.03348873433115685,0.20389604987756993
pair/44/lag/4,696,0.8635057471264368,7.1605354146753335,0,0,0,3.5498569110708105,1.5594384510773156,7.652975685433324,10.710392325746142,10.0,16.1245154965971,0.12322366636721283,0.018505500472830273,0.3742574663108853,0.2762251742655051,0.12357799513171523,0.8083333321919972,0.12309743129373253,0.018548882316237116,0.3698276146233449,0.27580024827123006,0.12282684025599136,0.7972411610486878
pair/44/lag/8,695,0.8661870503597122,14.906560047769807,0,0,0,6.556799839704661,2.641698545551235,15.085446110785245,21.463359887474464,20.024984394500787,32.907180287089375,0.233957290925485,0.033112501822766406,0.7567880201547922,0.5568168382558227,0.24902118953462757,1.5852043902255,0.2316802479438768,0.033112501822766406,0.757251673198524,0.5508569761439785,0.24586682908181184,1.5831009850609228
pair/45/lag/1,1553,0.8055376690276883,2.3090299192159898,0,0,0,1.6669481752350102,1.3657448094898914,3.3323823685472855,3.975978094451,3.1622776601683795,8.06225774829855,0.06819276251674639,0.041327191370714576,0.16427107056379667,0.15411456339763288,0.11180339887498948,0.3376817966309616,0.06819445443162526,0.04159070209577179,0.16364359775126927,0.15409845874723457,0.11147600900998977,0.3425362506149387
pair/45/lag/4,1535,0.8625407166123779,10.599943044272901,0,0,1,5.2176500199331945,3.9342931009055486,10.394097605080132,15.8175930642061,12.379418403139947,32.14031735997639,0.22545907153984013,0.10831583003008545,0.5624304602561637,0.6125482558617993,0.4357377929930158,1.3658568951916055,0.22547646624367268,0.10890801291930352,0.5660772705820166,0.6117077010468885,0.4287464628562721,1.3575459361384332
pair/45/lag/8,1523,0.9087327642810243,22.268315797319737,0,0,3,9.644671123435076,5.360010833959039,20.661743778906988,31.91298692075481,26.076809620810597,64.36146647301415,0.4158906852111318,0.1509269870121065,1.1064188314190573,1.2291169589279294,0.883715101688537,2.7335787448414464,0.4164648735802025,0.15135443735454707,1.0989751359015199,1.2278058345972829,0.883715101688537,2.724114608127658
pair/51/lag/1,763,0.8112712975098296,4.1384489319808875,0,0,0,1.6532897185467996,1.0447359094808513,3.5953942113741113,5.791738650527686,3.1622776601683795,15.978049716414148,0.040874103760825696,0.02581784793679683,0.09729823547553879,0.12275265608823716,0.0847579379526013,0.311833941702812,0.04139159192583771,0.02581784793679683,0.09739815323931925,0.12466479726104153,0.08539910592627592,0.312829382032624
pair/51/lag/4,746,0.8753351206434317,17.237309103672228,0,1,8,5.370041677317903,2.45575903019672,12.916011091053427,22.60735078099013,12.776932339180638,63.506383764105635,0.13313300985617377,0.054486988864097655,0.37650432310227094,0.47277182051748273,0.3365571606197201,1.2358818566767162,0.14002216040563314,0.05509687901264523,0.38313459228643343,0.48665432576111617,0.34228109790850214,1.2774570144544501
pair/51/lag/8,725,0.8882758620689655,31.075237801815636,0,0,10,12.631979084313187,3.1662605122569394,33.30643914375256,43.70721688612882,25.124689052802225,114.77989559085027,0.29665730388947037,0.06822120692639483,0.936048657241174,0.9160303782737615,0.6409514127063708,2.345710202081827,0.31135153609664556,0.06958844565270252,0.9352617287704945,0.9652607772619938,0.6587029695195818,2.5469731559629483
pair/53/lag/1,562,0.9341637010676157,4.1818346861073845,0,0,0,1.1196727381100366,0.7880962934909586,2.2847282795142405,5.30150742421742,4.123105625617661,10.116793091204556,0.024515752073903312,0.016792773198657622,0.05375722370614288,0.10236961507266204,0.0920386941407971,0.17832732748116684,0.024375170767829274,0.016817479365260173,0.054153558418605335,0.10226592092897029,0.09076419049019942,0.17832732748116684
pair/53/lag/4,560,0.9482142857142857,18.196774692642034,0,0,0,2.918727076145163,1.5265097108165682,6.3380446049684,21.115501768787198,16.320006195784487,41.012193308819754,0.06502611293173867,0.030653464411533493,0.15388554890712208,0.4058481748375121,0.3566253027750774,0.7105445022601385,0.06326339483817477,0.03070831099046014,0.14846683591125798,0.40518751707925105,0.35446584264769954,0.7105658288798856
pair/53/lag/8,559,0.9499105545617174,36.62594767318989,0,0,1,5.451116938528576,2.4776130720753984,13.10497834055044,42.07706461171847,33.13608305156178,83.00963767998108,0.12087960673215642,0.04873197179920417,0.30042307098100773,0.8067787830120584,0.7120344141914821,1.424893185783956,0.11613420169151085,0.04965498653365346,0.2788350250848284,0.8100042255057696,0.7015347837639018,1.424893185783956
pair/63/lag/1,302,0.7682119205298014,3.452659093881698,0,0,0,1.8326890767173907,1.2548303439122166,4.180519605184236,5.285348170599089,4.031128874149275,13.035525512490539,0.04461102091345982,0.022478296940574002,0.10007271016157962,0.1018346282268241,0.08127590617908842,0.21620613635884373,0.04408038386615934,0.022613453929618867,0.09959604492083028,0.10224908590970154,0.08160833268495263,0.21818441769527908
pair/63/lag/4,298,0.8456375838926175,15.325462808701584,0,0,4,5.640252780240081,3.0211599238329656,14.449013492324928,20.965715588941666,16.0,51.52313579645957,0.14359720049354363,0.049724999055123384,0.34794347292563693,0.3995197035162774,0.31917870408852456,0.8672022046686753,0.1394844292952627,0.05026812112718693,0.3471951168799698,0.4019935970514546,0.3148174226129362,0.8815972969499222
pair/63/lag/8,291,0.8556701030927835,32.56134555005143,0,0,7,10.028163204165704,4.221365305382794,25.52051072068293,42.589508754217135,32.53459696999488,103.89056742553676,0.2466380014675206,0.0808326249360175,0.7241167594881703,0.8275267330708158,0.6521405955174383,1.7440374613713625,0.22283213322036904,0.08167223416395243,0.6509154487918276,0.8138918268391993,0.644669132655109,1.7837581104101252
pair/66/lag/1,1084,0.9501845018450185,2.565716867287842,0,0,0,0.7037659654258464,0.5460427199766704,1.2886770453946315,3.2694828327136882,3.1622776601683795,5.0,0.02749520249759738,0.015623616083653816,0.06800009749264162,0.11865549651116716,0.07749718348634957,0.26317384300978797,0.02740340141409526,0.01563666787066182,0.06915349222061211,0.11851300625479157,0.07732421527915978,0.26516504294495535
pair/66/lag/4,1070,0.9682242990654205,11.58267350731793,0,0,2,1.50649499357544,0.830851759533151,3.2830132345163747,13.08916850089337,12.65404977092284,19.60184649404716,0.064596486318988,0.02366998633252074,0.17645441130175865,0.47291695129603706,0.3010916190060642,1.0666285373692013,0.06276305715093342,0.02378855506432795,0.17589292430101214,0.47192841204097236,0.2981136825244094,1.0631779149737357
pair/66/lag/8,1066,0.9727954971857411,23.496654246841782,0,0,6,2.7343821382251954,1.2535725826215962,6.086690860165545,26.23103638506698,25.55872589134505,39.5,0.12101027702156567,0.03313511473448373,0.3537071521236721,0.9439765790373974,0.5989898857356293,2.1175068319718022,0.11627643656572177,0.033231416014048165,0.3641496784184248,0.9419440288568581,0.5934538929554323,2.1303309200315423
pair/69/lag/1,1116,0.764336917562724,1.7654988053212914,0,0,0,1.2847249855914495,0.8177102321768384,2.642615486357866,3.050223790912741,2.23606797749979,6.082762530298219,0.07683897642429102,0.049998110632968634,0.171844349415483,0.1658002274929946,0.1231067539342775,0.36209257558152785,0.07665144691708203,0.049869783202413136,0.174191789581976,0.16573626739077119,0.1231067539342775,0.3629373223281437
pair/69/lag/4,1111,0.8181818181818182,7.915514683534085,0,0,1,3.9558560468678827,1.6511031525840563,9.1995541464813,11.871370730401969,7.615773105863909,25.004999500099974,0.23978794417376179,0.09558858317988098,0.6010952056863949,0.6370950962684688,0.45218946100276963,1.4322297480788657,0.23800144801694723,0.09611013830247005,0.6073126633198723,0.6365325936508289,0.4472135954999579,1.4321788867443772
pair/69/lag/8,1108,0.8483754512635379,15.994303216833597,0,0,0,7.762221793937854,2.5051977832925045,18.448854465027377,23.756525010771448,15.083021164397232,50.05245154905311,0.45673890494545233,0.1389613359890597,1.1831780288787204,1.2846195616688187,0.9530682264566258,2.8664984559611644,0.45259640820988745,0.14054954563518968,1.1883690288652395,1.2805591885725702,0.9323489019541439,2.869522056145834
pair/70/lag/1,1096,0.8138686131386861,3.2149019472115636,0,0,0,1.1112894055492857,0.7643183749129794,2.4636763363301775,4.3261913527608495,3.0,9.585089309053537,0.04880054655712057,0.02924521124417382,0.11797584875401973,0.1416644357010402,0.11096471940591962,0.31601453074381003,0.04869253646037437,0.029243747574186903,0.11712354192957901,0.14153530905565492,0.11090430007803304,0.3162277660168379
pair/70/lag/4,1083,0.8716528162511542,13.989893928518256,0,0,3,3.169999497333116,1.3715232784856533,7.717284080073225,17.159893425851372,10.770329614269007,38.41301898214206,0.1368218936820679,0.050923553020336014,0.3810435948397629,0.5566325056004179,0.4420433223684922,1.1951081915301895,0.13571854762423136,0.05144139464834136,0.3775995747494294,0.5571448981562451,0.4420433223684922,1.226434728074635
pair/70/lag/8,1078,0.8849721706864564,28.086419579277173,0,0,11,6.148313289156231,1.7760977839646217,16.1710407388484,34.234732868433404,21.54646064539516,76.67781894756898,0.2787845701201437,0.06334622534734942,0.9147091443589203,1.1061543610200466,0.8821984260641518,2.387274077590144,0.27885625126254826,0.0648064889573044,0.9227409135454891,1.1180787261074614,0.8832849545556828,2.4550877393185426
pair/74/lag/1,1068,0.9054307116104869,2.725494974684279,0,0,0,1.1213657468411455,0.8091293400530999,2.3254675185197624,3.8468607215254247,3.517766952966369,7.0,0.033217479850935004,0.020912298861684914,0.07581496623317824,0.11436312869271167,0.08914611782749135,0.2445859745540061,0.033248700613493484,0.020912298861684914,0.07628733639086907,0.1145952124082771,0.08914611782749135,0.24284856911049263
pair/74/lag/4,1058,0.944234404536862,12.659076198227107,0,0,0,2.8737237531040836,1.6165316860163137,6.464139391292866,15.53279995133119,14.035668847618199,28.0178514522438,0.08331676808992554,0.04290138808091014,0.21988119751752305,0.45940345757466333,0.35661423901685657,0.9580158857026256,0.08338430937784629,0.04272548827833879,0.21973476948740794,0.4608120694801598,0.3575456177693874,0.9600081046318765
pair/74/lag/8,1050,0.9523809523809523,26.021415682484903,0,0,1,4.993294779514586,2.305701697693805,12.488642756384214,31.014710461999485,28.288601972009694,55.04583726062001,0.1407240190989616,0.0645653590755193,0.36812027737227365,0.9148794184954095,0.7189864812732242,1.8950094978813328,0.141148994488335,0.06484459866515926,0.37747875479325593,0.9199013484971307,0.7213159508482984,1.8608784919123469
pair/78/lag/1,1590,0.42327044025157234,0.03479352717536247,0,0,0,0.7795442113614639,0.5913547403558375,1.9450306800678223,0.8143377385368263,1.0,2.0615528128088303,0.024865792844325826,0.018394693704659362,0.058191762702269306,0.02482567384932897,0.02095418698507526,0.06210257669976324,0.024874323656623017,0.01841156444053385,0.0581593493668184,0.024836567285498035,0.020977256696844058,0.06288192309506097
pair/78/lag/4,1588,0.6687657430730478,1.2659860661060058,0,0,0,1.5897993864307496,0.8916272265824676,4.109608746586902,2.855785452536755,1.4142135623730951,7.615773105863909,0.0532214857583997,0.029222921013557113,0.13458422683816024,0.08226662246782637,0.06484764218433835,0.17679377261315776,0.05330010158784024,0.0291770789874521,0.1342406415729396,0.08238047726830632,0.0657951694959769,0.17617084275998376
pair/78/lag/8,1587,0.7296786389413988,3.1877808663908485,0,0,0,2.440034416979655,1.1355054000741995,6.245404759059758,5.627815283370504,2.8284271247461903,15.249585401466403,0.08478760521312141,0.03938399145210658,0.22553597438572442,0.16074917169230957,0.1203858530857692,0.3485909154924659,0.08517692954403891,0.03945561207900994,0.22553597438572442,0.16126760657318828,0.1210898699241207,0.3471082216728237
intersection/1:current_min_side_lt16=False:occluded=0,7916,0.8213744315310763,2.8274968100630855,0,0,0,1.3466449137638983,0.871179564873504,2.9070330198499086,4.174141723826984,3.0,8.681731424551263,0.03724457821165123,0.019795876523583396,0.09284113277136616,0.10144035274190696,0.06991126899682786,0.23340245223331574,0.03725980196784538,0.019803328476149552,0.09314397174637118,0.10153391158730356,0.07000028403544115,0.23340245223331574
intersection/1:current_min_side_lt16=False:occluded=1,2002,0.8056943056943057,2.0686585839284506,0,0,0,1.4249745397088651,0.7850058911836505,3.2006146391170054,3.4936331236373155,2.5,7.016050981428191,0.03492008991057452,0.01928938136978425,0.0744427751252104,0.08490600622104634,0.06343923133180546,0.16988960762091698,0.03491203207157692,0.01930050281896879,0.07227777166703073,0.08538800927046941,0.06347448956783433,0.16988960762091698
intersection/1:current_min_side_lt16=True:occluded=0,2848,0.7159410112359551,1.3447686485638795,0,0,0,1.0541704593486563,0.7872096159857327,2.2771790754874215,2.3989391079125357,2.0,5.0990195135927845,0.06915875241301275,0.05354694904375054,0.1474071878991197,0.15686664580661402,0.12171612389003693,0.34299717028501764,0.0691359162728963,0.05347742465038899,0.14687622325852842,0.15676946584041743,0.12171612389003693,0.34299717028501764
intersection/1:current_min_side_lt16=True:occluded=1,813,0.6986469864698647,0.8575755900933596,0,0,0,0.8737005979603025,0.6442751444294854,1.5497078373397193,1.7312761880536622,1.0,4.031128874149275,0.06077034589491094,0.04401676750430624,0.11089735615996316,0.11300943682945166,0.07905694150420949,0.2771454706075053,0.0598541626482754,0.04401676750430624,0.10858151882013574,0.11214248587304271,0.07856742013183861,0.2672612419124244
intersection/1:current_sqrt_area_lt16=False:occluded=0,9081,0.8065191058253496,2.6639175472838668,0,0,0,1.3299951677600526,0.8666940427821359,2.8754794200512843,3.9939127150439195,3.0,8.06225774829855,0.0410112155512188,0.021909158823665578,0.10214639016952531,0.10808915807474491,0.07443641677192671,0.25,0.04101653511630566,0.02194834080863123,0.10142794983353727,0.10814764577908728,0.07444375004781978,0.25
intersection/1:current_sqrt_area_lt16=False:occluded=1,2291,0.8075076385857705,2.0008079138585666,0,0,0,1.3892687041382807,0.7788138625928354,3.0305702739202283,3.3900766179968476,2.23606797749979,7.0,0.03748540325526511,0.020702071578173612,0.08113875442148898,0.09111829918880433,0.06678550217393325,0.18446619684315546,0.03730140486477166,0.02073706532543415,0.08016111716850358,0.09129757006220494,0.06627023104062868,0.18365772167311323
intersection/1:current_sqrt_area_lt16=True:occluded=0,1683,0.7231134878193701,1.2010282903651328,0,0,0,0.9415522799470915,0.7413353915120937,2.0567400153092423,2.1425805703122243,1.4142135623730951,5.0,0.07092653569523093,0.05886891637529659,0.14815606253074365,0.1593585235207449,0.12598815766974242,0.34299717028501764,0.0709307941363642,0.0586854734189772,0.1477618115065373,0.15931854516857524,0.12598815766974242,0.34294879836639935
intersection/1:current_sqrt_area_lt16=True:occluded=1,524,0.6316793893129771,0.4862834143524485,0,0,0,0.7257691096528108,0.5948618225934761,1.2226935926308455,1.2120525240052593,1.0,3.0,0.06381155029717639,0.04937499394208997,0.11066877420201959,0.10134823121245846,0.07412493166611012,0.2616861415128836,0.0631637478915134,0.04991613779098182,0.11071796704220892,0.101060882751435,0.07412493166611012,0.2504897164340598
intersection/4:current_min_side_lt16=False:occluded=0,7903,0.893584714665317,12.804255601157237,0,0,5,3.7077418320345763,1.6230642192309181,8.608002353220648,16.511997433191812,11.884864324004713,34.36568055487916,0.10568460199011293,0.03733824098603652,0.3008308011021812,0.4008048716174833,0.2711630722733202,0.9251551463394592,0.10621597147046608,0.037393645715307865,0.30383082259581784,0.40341055461090913,0.2727706281480581,0.9359163486968334
intersection/4:current_min_side_lt16=False:occluded=1,1958,0.8646578140960164,9.177056964774858,0,1,9,4.312109267637682,1.6979033302763047,9.75724827786349,13.48916623241254,10.04987562112089,27.990622756819143,0.10226405828853202,0.04105025609574453,0.22491578182467514,0.325737881252324,0.24054034969318747,0.6479837037596715,0.10172646214072363,0.040998850623913966,0.22003815511780478,0.3246702355174317,0.24009624677574726,0.6590925720565635
intersection/4:current_min_side_lt16=True:occluded=0,2836,0.7919605077574048,6.057929963056425,0,0,0,3.25705773119863,1.6685058840365017,8.021409293737424,9.314987694255056,7.0,21.224985276791124,0.21168222292781308,0.11312003592082964,0.5198585478951545,0.6072268361659469,0.46319562066107356,1.3688014834985434,0.2113585628316489,0.11438475690193817,0.5151477451051536,0.6062890373304668,0.46514536566288606,1.3595201585675334
intersection/4:current_min_side_lt16=True:occluded=1,771,0.808041504539559,4.483779459811692,0,0,8,2.3455260342733184,1.1254896741880571,5.069122966861592,6.829305494085012,4.0,17.00735135169495,0.15633717735673974,0.08450812672040327,0.34120270075432285,0.43776341583818223,0.2627691364061218,1.0764866601178875,0.1453410934525211,0.08331919737942761,0.3062497723419511,0.42527476695584226,0.257390753524675,1.0527227119356304
intersection/4:current_sqrt_area_lt16=False:occluded=0,9064,0.8801853486319505,12.060983778351169,0,0,5,3.7266153383503666,1.6416106590969246,8.672544118869666,15.78759911670154,11.40175425099138,32.55764119219941,0.11908650490470028,0.041853697371991266,0.34181042303582204,0.42649056459481,0.28522088498145676,1.0099114007913748,0.11950190698612922,0.042037292531689,0.34181232751455626,0.42860983777967004,0.28678023416505716,1.0112864640075385
intersection/4:current_sqrt_area_lt16=False:occluded=1,2234,0.8639212175470009,8.967548828515696,0,1,11,4.1955811720741565,1.6810443877994001,9.464111806788017,13.163130000589852,9.899494936611665,27.321584275680667,0.10952545919676208,0.04494084414008559,0.2530059162509496,0.3527010725774162,0.2537163770885983,0.7302654068567597,0.10718933835834732,0.045034760710268074,0.24460875456111647,0.3486449377403727,0.25312134519836593,0.725922364306067
intersection/4:current_sqrt_area_lt16=True:occluded=0,1675,0.7940298507462686,5.403919059223087,0,0,0,2.8425420880243886,1.5895964539371772,7.2550434029936435,8.246461147247475,6.0,19.747110508348385,0.2126305153999625,0.12563138638412077,0.5247597972294908,0.6113108837446195,0.45033010425376047,1.3864896359755985,0.21234174435783537,0.12623641393551144,0.5179532620171858,0.6105491064622626,0.4533823502911814,1.3708103512927379
intersection/4:current_sqrt_area_lt16=True:occluded=1,495,0.7797979797979798,2.812459429575595,0,0,6,1.774913495041709,1.0136242472351584,3.463585162651103,4.587372924617306,2.5,12.041594578792296,0.15371538186954656,0.0851108781845732,0.2982851694780786,0.37853771508149714,0.20719385350268701,0.9724903426610272,0.14500487683006613,0.08481738092857592,0.30210232593130387,0.3731684354628142,0.20701966780270628,0.962348947409618
intersection/8:current_min_side_lt16=False:occluded=0,7874,0.913258826517653,25.325765509084622,0,0,9,7.289042941860418,2.2362651493803942,17.24856370589468,32.61480845094504,23.50531854708632,67.40233224741647,0.20719641871286046,0.049895964133963924,0.6465251839701734,0.793196081773219,0.5333778289535023,1.8235778780190375,0.2105361970402595,0.05015034707218598,0.6621897566638435,0.8059310750975089,0.5379091558523204,1.8522863323691139
intersection/8:current_min_side_lt16=False:occluded=1,1921,0.8802706923477356,19.619556650773013,0,0,25,7.186602967845697,2.3264981175955963,15.43383082729817,26.806159618618715,20.248456731316587,55.61025085359713,0.16842007564726222,0.05761800481491065,0.36304348082093496,0.6443388295059067,0.4816637831516919,1.3225782464333182,0.16630212691997362,0.05837681374982961,0.34371549817746144,0.6388669184663022,0.47367855483180105,1.3124466339476861
intersection/8:current_min_side_lt16=True:occluded=0,2830,0.8219081272084806,12.468112400684774,0,0,3,6.035237827757602,2.672544692073199,15.500500574986809,18.503350228442375,13.601470508735444,42.87683890626601,0.3931779284357262,0.17865301638873132,1.0157000794953701,1.206173747869051,0.9339627373730024,2.7212721486141844,0.3931081549858659,0.17912540748111497,1.0141703595299103,1.2052490799674807,0.9360207268616115,2.704988405058656
intersection/8:current_min_side_lt16=True:occluded=1,748,0.8663101604278075,10.303018280312697,0,0,17,3.834339066740965,1.5081886307458952,8.517209852623468,14.13735734705366,8.0,35.04960735819994,0.24906641715800595,0.10485809307493155,0.6252601926606612,0.9095811100737179,0.5637561223183887,2.1767571532774115,0.21582474970950258,0.1056349061056856,0.525815677290885,0.8598977877684204,0.5383550575982031,2.1284789714832972
intersection/8:current_sqrt_area_lt16=False:occluded=0,9033,0.9008081479021366,23.93843335977836,0,0,10,7.263401388528337,2.268777408020584,17.35149182794077,31.201834748306695,22.94558781116753,64.51395160225576,0.23036884202488106,0.05634336248103902,0.7118188169034936,0.8449987118405263,0.5631940163034406,1.9773486197986159,0.23340973081023328,0.05667658028268305,0.7202275445941089,0.8561277317607506,0.5668085477694929,2.002737937521557
intersection/8:current_sqrt_area_lt16=False:occluded=1,2185,0.8832951945080092,19.293226759812065,0,0,29,7.0177113851330795,2.312803544887787,15.463113594102724,26.310938144945144,19.72308292331602,54.544793111051575,0.1814626020062994,0.06363781787893395,0.41217312013358126,0.7037469047208694,0.5075192189225524,1.5024644084001826,0.17304279488893576,0.06397849321835793,0.3832965373147124,0.6883768380846017,0.501540105531052,1.4554018681447067
intersection/8:current_sqrt_area_lt16=True:occluded=0,1671,0.8258527827648114,11.049651211006733,0,0,2,5.304214502804605,2.644577092330624,14.135944537527534,16.353865713811338,11.884864324004713,38.48376280978771,0.3969098673892386,0.19865870129542804,1.0159653930659847,1.2125818613382802,0.9074852129730302,2.7409828552887765,0.3960909609193095,0.1996395169959892,1.0064808472767983,1.2108643809879687,0.9076693430779936,2.714765090196479
intersection/8:current_sqrt_area_lt16=True:occluded=1,484,0.8450413223140496,6.694474234751021,0,0,13,2.7682862533843933,1.2488637144758736,5.743647860978042,9.462760488135414,5.350118856750914,25.46636958755748,0.2341753305140806,0.10333170828400609,0.5691366852203699,0.786063171489438,0.41114381303463776,2.009025586060924,0.21240659455300134,0.1048730054457493,0.530828189906045,0.7569493892762191,0.408248290463863,1.8785022599656462
