arm,frames,corrected_oracle_required,association_seams,corrected_reference_seams_verified,factorial_native_assignment_calls,factorial_assignment_verified_seams,factorial_eligible_seams,factorial_empty_seams,association_edges,association_finite_edges,factorial_mask_changed_edges,src_nonzero_penalty_edges,src_semantic_penalty_calls,src_responsibility_calls,belief_initializations,belief_updates,committed_changed_vs_native_seams,association_added_vs_native_pairs,association_removed_vs_native_pairs,factorial_illegal_edge_recoveries,source_events,source_nodes,egia_fusion_events,coherence_nonzero_events,selective_native_kept,selective_native_rejected,selective_native_abstained,selective_new_certificate
C11_full_reference,6635,True,19905,19905,19905,19905,14029,5876,11616001,11616001,3934,3079940,14029,13375,3234,221039,1446,1093,1887,0,6809,319520,6809,4730,3234,3575,3234,0
C00_nativecost_reference,6635,True,19905,19905,19905,19905,13995,5910,11611032,11611032,0,0,0,13347,3194,221677,0,0,0,0,6707,312729,6707,4641,3194,3513,3194,0
C10_mask_only,6635,False,19905,0,19905,19905,13995,5910,11612442,11612442,4476,0,0,13347,3194,221624,707,838,841,0,6697,311914,6697,4632,3194,3503,3194,0
C01_penalty_only,6635,False,19905,0,19905,19905,14028,5877,11615987,11615987,0,3077531,14028,13373,3232,221072,1073,623,1387,0,6819,319523,6819,4740,3232,3587,3232,0
E10_fusion_no_selective,6635,True,19905,19905,19905,19905,13686,6219,11159002,11159002,3822,2925253,13686,13133,2785,214860,1401,1053,1815,0,9432,436773,9432,6586,0,0,0,0
H_paired_hierarchical,6635,True,19905,19905,19905,19905,14094,5811,11680213,11680213,3969,3102465,14094,13415,3316,221806,1453,1117,1889,0,6576,309385,6576,4598,3316,3260,3316,0
H_paired_flat,6635,True,19905,19905,19905,19905,14032,5873,11592329,11592329,3950,3081721,14032,13386,3219,220762,1453,1102,1901,0,7068,333795,7068,5015,3219,3849,3219,0
E00_fusion_off_no_selective,6635,True,19905,19905,19905,19905,13402,6503,10720196,10720196,3760,2771112,13402,12893,2511,208666,1399,1006,1788,0,12514,575907,0,8440,0,0,0,0
E01_fusion_off_selective,6635,True,19905,19905,19905,19905,14030,5875,11556354,11556354,3957,3068293,14030,13369,3202,220225,1464,1085,1910,0,7402,350805,0,5334,3202,4200,3202,0
