contrast,sequence,flight_prefix,mota_pp,idf1_pp,num_false_positives,num_misses,num_switches,num_fragmentations
mask_without_penalty,uav0000009_03358_v,uav0000009,0.0,0.0,0,0,0,0
mask_without_penalty,uav0000073_00600_v,uav0000073,0.0,0.0,0,0,0,0
mask_without_penalty,uav0000073_04464_v,uav0000073,0.0029577048210494006,0.0028450170707627898,0,-1,0,-1
mask_without_penalty,uav0000077_00720_v,uav0000077,0.23491145645103684,0.17447191121076067,0,-39,0,-3
mask_without_penalty,uav0000088_00290_v,uav0000088,0.0,0.0,0,0,0,0
mask_without_penalty,uav0000119_02301_v,uav0000119,0.02195389681668436,0.013719083577723445,0,-1,0,-1
mask_without_penalty,uav0000120_04775_v,uav0000120,0.11460223474357711,0.05161533289367304,-28,-8,0,-1
mask_without_penalty,uav0000161_00000_v,uav0000161,0.13382402141184357,0.09500542469351725,-5,-7,0,-1
mask_without_penalty,uav0000188_00000_v,uav0000188,0.28068384792038215,0.11741433412074676,-23,1,0,1
mask_without_penalty,uav0000201_00000_v,uav0000201,0.052371689361063734,0.017832646453619372,-7,0,0,-1
mask_without_penalty,uav0000249_00001_v,uav0000249,-0.01397038278848628,-0.00581736552972556,1,0,0,-1
mask_without_penalty,uav0000249_02688_v,uav0000249,-0.017067759003241978,0.012145225736859278,7,-6,0,-1
mask_without_penalty,uav0000297_00000_v,uav0000297,0.0,0.0,0,0,0,-1
mask_without_penalty,uav0000297_02761_v,uav0000297,0.0,0.0,0,0,0,0
mask_without_penalty,uav0000306_00230_v,uav0000306,0.060544904137238564,0.027884985891024616,-5,-1,0,-1
mask_without_penalty,uav0000355_00001_v,uav0000355,0.018088088993395424,0.007013017389645437,-2,0,0,0
mask_without_penalty,uav0000370_00001_v,uav0000370,0.7676767676767615,0.6191950104954214,0,-19,0,1
penalty_without_mask,uav0000009_03358_v,uav0000009,0.016420361247959647,0.008650893204731336,-1,-1,0,-1
penalty_without_mask,uav0000073_00600_v,uav0000073,0.007166917508782955,0.002928576480132339,-1,0,0,0
penalty_without_mask,uav0000073_04464_v,uav0000073,0.011830819284230909,0.007780738781149044,-2,-2,0,-1
penalty_without_mask,uav0000077_00720_v,uav0000077,0.04216359474762399,0.030160302386439408,0,-7,0,0
penalty_without_mask,uav0000088_00290_v,uav0000088,-0.047512387158077374,-0.015459020352204256,7,0,0,0
penalty_without_mask,uav0000119_02301_v,uav0000119,-0.02195389681668436,-0.010118818686877251,1,0,0,0
penalty_without_mask,uav0000120_04775_v,uav0000120,0.5157100563461081,0.49733102082116787,-77,-79,-6,3
penalty_without_mask,uav0000161_00000_v,uav0000161,1.5278242444518808,-0.1368692132860727,-62,-74,-1,-1
penalty_without_mask,uav0000188_00000_v,uav0000188,0.7782597601428964,0.32916715852175926,-63,2,0,1
penalty_without_mask,uav0000201_00000_v,uav0000201,0.04489001945233717,0.955848616795707,-1,-6,1,-1
penalty_without_mask,uav0000249_00001_v,uav0000249,0.09779267951941506,0.04252586900247435,-6,-1,0,0
penalty_without_mask,uav0000249_02688_v,uav0000249,0.06827103601296791,0.0477938763995045,3,-7,0,-1
penalty_without_mask,uav0000297_00000_v,uav0000297,0.06179705846002248,0.004696304137630225,-3,-2,0,0
penalty_without_mask,uav0000297_02761_v,uav0000297,-0.014524855659248104,0.07303428583993465,-1,7,-2,0
penalty_without_mask,uav0000306_00230_v,uav0000306,-0.131180625630678,0.1837080607461461,14,0,-1,-2
penalty_without_mask,uav0000355_00001_v,uav0000355,0.018088088993395424,0.016053990571918142,0,-2,0,-2
penalty_without_mask,uav0000370_00001_v,uav0000370,0.0,0.0,0,0,0,0
penalty_with_mask,uav0000009_03358_v,uav0000009,0.016420361247959647,0.008650893204731336,-1,-1,0,-1
penalty_with_mask,uav0000073_00600_v,uav0000073,0.007166917508782955,0.002928576480132339,-1,0,0,0
penalty_with_mask,uav0000073_04464_v,uav0000073,0.011830819284242011,0.007780587434358388,-2,-2,0,-1
penalty_with_mask,uav0000077_00720_v,uav0000077,-0.018070112034695995,-0.021494982426017994,-1,4,0,1
penalty_with_mask,uav0000088_00290_v,uav0000088,-0.047512387158077374,-0.015459020352204256,7,0,0,0
penalty_with_mask,uav0000119_02301_v,uav0000119,0.0,0.0,0,0,0,0
penalty_with_mask,uav0000120_04775_v,uav0000120,0.39792442619298596,0.446192510577037,-46,-73,-6,3
penalty_with_mask,uav0000161_00000_v,uav0000161,1.4163042266086778,-0.20570690279706483,-58,-68,-1,-2
penalty_with_mask,uav0000188_00000_v,uav0000188,0.6761929063536676,0.28591322761415405,-55,2,0,1
penalty_with_mask,uav0000201_00000_v,uav0000201,0.03740834954362171,0.9404775305124069,1,-7,1,-1
penalty_with_mask,uav0000249_00001_v,uav0000249,0.05588153115395622,0.02505923167901436,-3,-1,0,0
penalty_with_mask,uav0000249_02688_v,uav0000249,0.051203277009725934,0.019524819640392987,-3,0,0,0
penalty_with_mask,uav0000297_00000_v,uav0000297,0.06179705846002248,0.004696304137630225,-3,-2,0,1
penalty_with_mask,uav0000297_02761_v,uav0000297,-0.014524855659248104,0.07303428583993465,-1,7,-2,0
penalty_with_mask,uav0000306_00230_v,uav0000306,-0.1816347124117046,0.16263297993014403,19,0,-1,-2
penalty_with_mask,uav0000355_00001_v,uav0000355,0.018088088993395424,0.016055033360062865,0,-2,0,-2
penalty_with_mask,uav0000370_00001_v,uav0000370,1.3737373737373715,1.158491377732218,4,-38,0,2
mask_with_penalty,uav0000009_03358_v,uav0000009,0.0,0.0,0,0,0,0
mask_with_penalty,uav0000073_00600_v,uav0000073,0.0,0.0,0,0,0,0
mask_with_penalty,uav0000073_04464_v,uav0000073,0.002957704821060503,0.0028448657239721342,0,-1,0,-1
mask_with_penalty,uav0000077_00720_v,uav0000077,0.17467774966871685,0.12281662639830326,-1,-28,0,-2
mask_with_penalty,uav0000088_00290_v,uav0000088,0.0,0.0,0,0,0,0
mask_with_penalty,uav0000119_02301_v,uav0000119,0.04390779363336872,0.023837902264600697,-1,-1,0,-1
mask_with_penalty,uav0000120_04775_v,uav0000120,-0.0031833954095450423,0.00047682264954218567,3,-2,0,-1
mask_with_penalty,uav0000161_00000_v,uav0000161,0.022304003568640596,0.02616773518252513,-1,-1,0,-2
mask_with_penalty,uav0000188_00000_v,uav0000188,0.17861699413115328,0.07416040321314155,-15,1,0,1
mask_with_penalty,uav0000201_00000_v,uav0000201,0.04489001945234827,0.002461560170319288,-5,-1,0,-1
mask_with_penalty,uav0000249_00001_v,uav0000249,-0.05588153115394512,-0.023284002853185548,4,0,0,-1
mask_with_penalty,uav0000249_02688_v,uav0000249,-0.034135518006483956,-0.016123831022252233,1,1,0,0
mask_with_penalty,uav0000297_00000_v,uav0000297,0.0,0.0,0,0,0,0
mask_with_penalty,uav0000297_02761_v,uav0000297,0.0,0.0,0,0,0,0
mask_with_penalty,uav0000306_00230_v,uav0000306,0.010090817356211979,0.006809905075022549,0,-1,0,-1
mask_with_penalty,uav0000355_00001_v,uav0000355,0.018088088993395424,0.00701406017779016,-2,0,0,0
mask_with_penalty,uav0000370_00001_v,uav0000370,2.141414141414133,1.7776863882276395,4,-57,0,3
SRC_joint_cost_operators,uav0000009_03358_v,uav0000009,0.016420361247959647,0.008650893204731336,-1,-1,0,-1
SRC_joint_cost_operators,uav0000073_00600_v,uav0000073,0.007166917508782955,0.002928576480132339,-1,0,0,0
SRC_joint_cost_operators,uav0000073_04464_v,uav0000073,0.014788524105291412,0.010625604505121178,-2,-3,0,-2
SRC_joint_cost_operators,uav0000077_00720_v,uav0000077,0.21684134441634084,0.15297692878474267,-1,-35,0,-2
SRC_joint_cost_operators,uav0000088_00290_v,uav0000088,-0.047512387158077374,-0.015459020352204256,7,0,0,0
SRC_joint_cost_operators,uav0000119_02301_v,uav0000119,0.02195389681668436,0.013719083577723445,0,-1,0,-1
SRC_joint_cost_operators,uav0000120_04775_v,uav0000120,0.5125266609365631,0.49780784347071005,-74,-81,-6,2
SRC_joint_cost_operators,uav0000161_00000_v,uav0000161,1.5501282480205214,-0.11070147810354758,-63,-75,-1,-3
SRC_joint_cost_operators,uav0000188_00000_v,uav0000188,0.9568767542740497,0.4033275617349008,-78,3,0,2
SRC_joint_cost_operators,uav0000201_00000_v,uav0000201,0.08978003890468544,0.9583101769660263,-6,-7,1,-2
SRC_joint_cost_operators,uav0000249_00001_v,uav0000249,0.04191114836546994,0.0192418661492888,-2,-1,0,-1
SRC_joint_cost_operators,uav0000249_02688_v,uav0000249,0.034135518006483956,0.031670045377252265,4,-6,0,-1
SRC_joint_cost_operators,uav0000297_00000_v,uav0000297,0.06179705846002248,0.004696304137630225,-3,-2,0,0
SRC_joint_cost_operators,uav0000297_02761_v,uav0000297,-0.014524855659248104,0.07303428583993465,-1,7,-2,0
SRC_joint_cost_operators,uav0000306_00230_v,uav0000306,-0.12108980827446603,0.19051796582116864,14,-1,-1,-3
SRC_joint_cost_operators,uav0000355_00001_v,uav0000355,0.03617617798679085,0.023068050749708302,-2,-2,0,-2
SRC_joint_cost_operators,uav0000370_00001_v,uav0000370,2.141414141414133,1.7776863882276395,4,-57,0,3
selective_with_fusion,uav0000009_03358_v,uav0000009,1.732348111658466,1.9297203656671869,115,-331,5,13
selective_with_fusion,uav0000073_00600_v,uav0000073,0.9460331111588949,-0.28895924956356955,89,-238,17,24
selective_with_fusion,uav0000073_04464_v,uav0000073,-0.2277432712215255,0.31680997137113476,269,-201,9,17
selective_with_fusion,uav0000077_00720_v,uav0000077,0.22286471509457284,-0.0039809176115124245,53,-103,13,9
selective_with_fusion,uav0000088_00290_v,uav0000088,-0.2307744519106758,-0.6112614841374375,173,-155,16,20
selective_with_fusion,uav0000119_02301_v,uav0000119,0.7903402854006591,0.4954908899030719,9,-46,1,1
selective_with_fusion,uav0000120_04775_v,uav0000120,0.04456753573361949,0.14557191995053786,617,-652,21,31
selective_with_fusion,uav0000161_00000_v,uav0000161,-0.22304003568640596,-0.17982441520086878,31,-14,3,5
selective_with_fusion,uav0000188_00000_v,uav0000188,0.4975759122225032,0.3044933453398402,21,-60,0,0
selective_with_fusion,uav0000201_00000_v,uav0000201,-0.32171180607510896,-0.46898197776455985,158,-119,4,12
selective_with_fusion,uav0000249_00001_v,uav0000249,-0.7124895222129002,-0.3142585437008627,55,-8,4,3
selective_with_fusion,uav0000249_02688_v,uav0000249,-0.11947431302270495,0.11385112464483704,119,-114,2,0
selective_with_fusion,uav0000297_00000_v,uav0000297,-0.5067358793721444,-0.2997712148947951,137,-109,13,12
selective_with_fusion,uav0000297_02761_v,uav0000297,0.635462435092049,0.0491105930960245,103,-287,9,3
selective_with_fusion,uav0000306_00230_v,uav0000306,1.291624621594356,0.6091559131336299,71,-213,14,23
selective_with_fusion,uav0000355_00001_v,uav0000355,-0.33462964637785975,0.0028498662731801794,73,-38,2,2
selective_with_fusion,uav0000370_00001_v,uav0000370,-0.040404040404040664,-0.12508999064814175,10,-13,4,4
fusion_without_selective,uav0000009_03358_v,uav0000009,1.5927750410508978,0.7235136857177693,138,-338,6,13
fusion_without_selective,uav0000073_00600_v,uav0000073,0.3440120404214042,1.5119177172578269,26,-77,3,4
fusion_without_selective,uav0000073_04464_v,uav0000073,-0.3815439219165939,0.09019686825900708,400,-275,4,5
fusion_without_selective,uav0000077_00720_v,uav0000077,-0.6926876279966354,-0.2318985765635606,175,-61,1,2
fusion_without_selective,uav0000088_00290_v,uav0000088,0.02714993551889977,-0.39037994459594216,134,-145,7,13
fusion_without_selective,uav0000119_02301_v,uav0000119,0.5927552140504888,0.39244725515285017,7,-35,1,1
fusion_without_selective,uav0000120_04775_v,uav0000120,0.8022156432050509,0.8605450649397883,274,-536,10,22
fusion_without_selective,uav0000161_00000_v,uav0000161,-0.30110404817664804,-0.10787755622829742,44,-21,4,8
fusion_without_selective,uav0000188_00000_v,uav0000188,1.5437611635621407,0.4999922344430807,48,-175,6,4
fusion_without_selective,uav0000201_00000_v,uav0000201,-1.0848421367649297,-0.4474974209156213,179,-44,10,11
fusion_without_selective,uav0000249_00001_v,uav0000249,-0.11176306230791244,0.04501413769159024,57,-48,-1,-1
fusion_without_selective,uav0000249_02688_v,uav0000249,-0.9387267451783532,-0.45443518042797004,104,-53,4,7
fusion_without_selective,uav0000297_00000_v,uav0000297,0.6179705846001804,0.700476578853837,120,-170,0,3
fusion_without_selective,uav0000297_02761_v,uav0000297,1.0675768909546468,0.7732437298449857,366,-666,6,5
fusion_without_selective,uav0000306_00230_v,uav0000306,0.14127144298687888,0.23423173306642564,61,-82,7,6
fusion_without_selective,uav0000355_00001_v,uav0000355,-0.7144795152392192,-0.289532103301815,88,-10,1,1
fusion_without_selective,uav0000370_00001_v,uav0000370,0.040404040404040664,0.03199338001640406,0,-1,0,0
fusion_with_selective,uav0000009_03358_v,uav0000009,0.5747126436781658,0.20798361768977758,-59,-9,-2,-5
fusion_with_selective,uav0000073_00600_v,uav0000073,0.04300150505268663,0.05856994765462975,-7,-1,2,-4
fusion_with_selective,uav0000073_04464_v,uav0000073,-0.230700976042586,0.06570819743814127,89,-12,1,4
fusion_with_selective,uav0000077_00720_v,uav0000077,-0.3132152752680417,-0.25147953123708655,71,-23,4,-2
fusion_with_selective,uav0000088_00290_v,uav0000088,0.2104120002714982,-0.26602117491102417,-18,-17,4,4
fusion_with_selective,uav0000119_02301_v,uav0000119,0.1097694840834218,0.05850862986652716,0,-6,1,1
fusion_with_selective,uav0000120_04775_v,uav0000120,0.38837423996435083,0.25445493333856595,15,-142,5,6
fusion_with_selective,uav0000161_00000_v,uav0000161,-0.033456005352960894,-0.02915099399717347,4,-2,1,1
fusion_with_selective,uav0000188_00000_v,uav0000188,0.8548099004848209,0.4424705055217859,-12,-55,0,-2
fusion_with_selective,uav0000201_00000_v,uav0000201,0.029926679634895148,-0.018577566773991805,-7,-2,5,4
fusion_with_selective,uav0000249_00001_v,uav0000249,-0.16764459346185756,-0.07521807787197465,9,3,0,0
fusion_with_selective,uav0000249_02688_v,uav0000249,-0.3242874210616087,-0.07743093016691072,34,-15,0,0
fusion_with_selective,uav0000297_00000_v,uav0000297,-0.012359411692008937,0.017162023409633687,-2,-1,4,1
fusion_with_selective,uav0000297_02761_v,uav0000297,0.014524855659248104,0.04435333427480481,52,-57,1,2
fusion_with_selective,uav0000306_00230_v,uav0000306,0.2219979818365303,0.13453795895612686,11,-33,0,3
fusion_with_selective,uav0000355_00001_v,uav0000355,0.018088088993395424,0.00701406017779016,-2,0,0,0
fusion_with_selective,uav0000370_00001_v,uav0000370,-0.3232323232323253,-0.19038553069966602,4,4,0,0
selective_without_fusion,uav0000009_03358_v,uav0000009,2.750410509031198,2.4452504336951786,312,-660,13,31
selective_without_fusion,uav0000073_00600_v,uav0000073,1.2470436465276125,1.1643885200396276,122,-314,18,32
selective_without_fusion,uav0000073_04464_v,uav0000073,-0.3785862170955334,0.34129864219200057,580,-464,12,18
selective_without_fusion,uav0000077_00720_v,uav0000077,-0.15660763763402086,0.015600037062013516,157,-141,10,13
selective_without_fusion,uav0000088_00290_v,uav0000088,-0.41403651666327423,-0.7356202538223555,325,-283,19,29
selective_without_fusion,uav0000119_02301_v,uav0000119,1.2733260153677262,0.8294295151893949,16,-75,1,1
selective_without_fusion,uav0000120_04775_v,uav0000120,0.45840893897431956,0.7516620515517602,876,-1046,26,47
selective_without_fusion,uav0000161_00000_v,uav0000161,-0.4906880785100931,-0.25855097743199273,71,-33,6,12
selective_without_fusion,uav0000188_00000_v,uav0000188,1.186527175299823,0.362015074261135,81,-180,6,6
selective_without_fusion,uav0000201_00000_v,uav0000201,-1.4364806224749338,-0.8979018319061893,344,-161,9,19
selective_without_fusion,uav0000249_00001_v,uav0000249,-0.6566079910589551,-0.1940263281372978,103,-59,3,2
selective_without_fusion,uav0000249_02688_v,uav0000249,-0.7339136371394495,-0.2631531256162223,189,-152,6,7
selective_without_fusion,uav0000297_00000_v,uav0000297,0.12359411692004496,0.3835433405494082,259,-278,9,14
selective_without_fusion,uav0000297_02761_v,uav0000297,1.6885144703874477,0.7780009886662054,417,-896,14,6
selective_without_fusion,uav0000306_00230_v,uav0000306,1.2108980827447047,0.7088496872439287,121,-262,21,26
selective_without_fusion,uav0000355_00001_v,uav0000355,-1.0671972506104743,-0.293696297206425,163,-48,3,3
selective_without_fusion,uav0000370_00001_v,uav0000370,0.3232323232323253,0.09728892006792833,6,-18,4,4
paired_hierarchy_minus_flat,uav0000009_03358_v,uav0000009,-0.06568144499178308,0.0011277207025761626,28,-19,-1,3
paired_hierarchy_minus_flat,uav0000073_00600_v,uav0000073,0.09316992761413401,-0.0895793399879774,31,-50,6,4
paired_hierarchy_minus_flat,uav0000073_04464_v,uav0000073,-0.19520851818989327,-0.035781869046314085,121,-58,3,8
paired_hierarchy_minus_flat,uav0000077_00720_v,uav0000077,-0.03614022406939199,-0.033404123835201194,13,-10,3,1
paired_hierarchy_minus_flat,uav0000088_00290_v,uav0000088,-0.7805606461684711,-0.20124973002710878,129,-17,3,0
paired_hierarchy_minus_flat,uav0000119_02301_v,uav0000119,0.02195389681668436,0.0035978522015978065,0,-2,1,1
paired_hierarchy_minus_flat,uav0000120_04775_v,uav0000120,0.0031833954095450423,0.021391743426113496,50,-54,3,3
paired_hierarchy_minus_flat,uav0000161_00000_v,uav0000161,-0.05576000892160149,-0.03886290722491248,6,-2,1,1
paired_hierarchy_minus_flat,uav0000188_00000_v,uav0000188,0.7272263332482765,0.4106005369167054,5,-62,0,-2
paired_hierarchy_minus_flat,uav0000201_00000_v,uav0000201,-0.022445009726168585,-0.030139369087323065,15,-15,3,4
paired_hierarchy_minus_flat,uav0000249_00001_v,uav0000249,-0.09779267951941506,-0.04478689699204397,8,-2,1,1
paired_hierarchy_minus_flat,uav0000249_02688_v,uav0000249,-0.051203277009725934,-0.019532764261109836,3,0,0,0
paired_hierarchy_minus_flat,uav0000297_00000_v,uav0000297,-0.3707823507601016,-0.13916433182261656,32,-3,1,0
paired_hierarchy_minus_flat,uav0000297_02761_v,uav0000297,0.058099422636992415,-0.18611260338549096,24,-46,6,-4
paired_hierarchy_minus_flat,uav0000306_00230_v,uav0000306,-0.07063572149343944,-0.03768800326424682,14,-8,1,2
paired_hierarchy_minus_flat,uav0000355_00001_v,uav0000355,-0.03617617798679085,-0.014026502721775636,4,0,0,0
paired_hierarchy_minus_flat,uav0000370_00001_v,uav0000370,-0.08080808080808133,0.03259937727034812,6,-4,0,0
