contrast,flight_prefix,clips,mean_clip_delta_mota_pp,mean_clip_delta_idf1_pp,num_false_positives,num_misses,num_switches,num_fragmentations
SRC_joint_cost_operators,uav0000009,1,0.016420361247959647,0.008650893204731336,-1,-1,0,-1
SRC_joint_cost_operators,uav0000073,2,0.010977720807037183,0.006777090492626758,-3,-3,0,-2
SRC_joint_cost_operators,uav0000077,1,0.21684134441634084,0.15297692878474267,-1,-35,0,-2
SRC_joint_cost_operators,uav0000088,1,-0.047512387158077374,-0.015459020352204256,7,0,0,0
SRC_joint_cost_operators,uav0000119,1,0.02195389681668436,0.013719083577723445,0,-1,0,-1
SRC_joint_cost_operators,uav0000120,1,0.5125266609365631,0.49780784347071005,-74,-81,-6,2
SRC_joint_cost_operators,uav0000161,1,1.5501282480205214,-0.11070147810354758,-63,-75,-1,-3
SRC_joint_cost_operators,uav0000188,1,0.9568767542740497,0.4033275617349008,-78,3,0,2
SRC_joint_cost_operators,uav0000201,1,0.08978003890468544,0.9583101769660263,-6,-7,1,-2
SRC_joint_cost_operators,uav0000249,2,0.03802333318597695,0.025455955763270532,2,-7,0,-2
SRC_joint_cost_operators,uav0000297,2,0.02363610140038719,0.03886529498878244,-4,5,-2,0
SRC_joint_cost_operators,uav0000306,1,-0.12108980827446603,0.19051796582116864,14,-1,-1,-3
SRC_joint_cost_operators,uav0000355,1,0.03617617798679085,0.023068050749708302,-2,-2,0,-2
SRC_joint_cost_operators,uav0000370,1,2.141414141414133,1.7776863882276395,4,-57,0,3
fusion_with_selective,uav0000009,1,0.5747126436781658,0.20798361768977758,-59,-9,-2,-5
fusion_with_selective,uav0000073,2,-0.09384973549494968,0.06213907254638551,82,-13,3,0
fusion_with_selective,uav0000077,1,-0.3132152752680417,-0.25147953123708655,71,-23,4,-2
fusion_with_selective,uav0000088,1,0.2104120002714982,-0.26602117491102417,-18,-17,4,4
fusion_with_selective,uav0000119,1,0.1097694840834218,0.05850862986652716,0,-6,1,1
fusion_with_selective,uav0000120,1,0.38837423996435083,0.25445493333856595,15,-142,5,6
fusion_with_selective,uav0000161,1,-0.033456005352960894,-0.02915099399717347,4,-2,1,1
fusion_with_selective,uav0000188,1,0.8548099004848209,0.4424705055217859,-12,-55,0,-2
fusion_with_selective,uav0000201,1,0.029926679634895148,-0.018577566773991805,-7,-2,5,4
fusion_with_selective,uav0000249,2,-0.24596600726173312,-0.07632450401944268,43,-12,0,0
fusion_with_selective,uav0000297,2,0.0010827219836195834,0.03075767884221925,50,-58,5,3
fusion_with_selective,uav0000306,1,0.2219979818365303,0.13453795895612686,11,-33,0,3
fusion_with_selective,uav0000355,1,0.018088088993395424,0.00701406017779016,-2,0,0,0
fusion_with_selective,uav0000370,1,-0.3232323232323253,-0.19038553069966602,4,4,0,0
fusion_without_selective,uav0000009,1,1.5927750410508978,0.7235136857177693,138,-338,6,13
fusion_without_selective,uav0000073,2,-0.018765940747594856,0.801057292758417,426,-352,7,9
fusion_without_selective,uav0000077,1,-0.6926876279966354,-0.2318985765635606,175,-61,1,2
fusion_without_selective,uav0000088,1,0.02714993551889977,-0.39037994459594216,134,-145,7,13
fusion_without_selective,uav0000119,1,0.5927552140504888,0.39244725515285017,7,-35,1,1
fusion_without_selective,uav0000120,1,0.8022156432050509,0.8605450649397883,274,-536,10,22
fusion_without_selective,uav0000161,1,-0.30110404817664804,-0.10787755622829742,44,-21,4,8
fusion_without_selective,uav0000188,1,1.5437611635621407,0.4999922344430807,48,-175,6,4
fusion_without_selective,uav0000201,1,-1.0848421367649297,-0.4474974209156213,179,-44,10,11
fusion_without_selective,uav0000249,2,-0.5252449037431328,-0.2047105213681899,161,-101,3,6
fusion_without_selective,uav0000297,2,0.8427737377774136,0.7368601543494113,486,-836,6,8
fusion_without_selective,uav0000306,1,0.14127144298687888,0.23423173306642564,61,-82,7,6
fusion_without_selective,uav0000355,1,-0.7144795152392192,-0.289532103301815,88,-10,1,1
fusion_without_selective,uav0000370,1,0.040404040404040664,0.03199338001640406,0,-1,0,0
mask_with_penalty,uav0000009,1,0.0,0.0,0,0,0,0
mask_with_penalty,uav0000073,2,0.0014788524105302514,0.0014224328619860671,0,-1,0,-1
mask_with_penalty,uav0000077,1,0.17467774966871685,0.12281662639830326,-1,-28,0,-2
mask_with_penalty,uav0000088,1,0.0,0.0,0,0,0,0
mask_with_penalty,uav0000119,1,0.04390779363336872,0.023837902264600697,-1,-1,0,-1
mask_with_penalty,uav0000120,1,-0.0031833954095450423,0.00047682264954218567,3,-2,0,-1
mask_with_penalty,uav0000161,1,0.022304003568640596,0.02616773518252513,-1,-1,0,-2
mask_with_penalty,uav0000188,1,0.17861699413115328,0.07416040321314155,-15,1,0,1
mask_with_penalty,uav0000201,1,0.04489001945234827,0.002461560170319288,-5,-1,0,-1
mask_with_penalty,uav0000249,2,-0.04500852458021454,-0.01970391693771889,5,1,0,-1
mask_with_penalty,uav0000297,2,0.0,0.0,0,0,0,0
mask_with_penalty,uav0000306,1,0.010090817356211979,0.006809905075022549,0,-1,0,-1
mask_with_penalty,uav0000355,1,0.018088088993395424,0.00701406017779016,-2,0,0,0
mask_with_penalty,uav0000370,1,2.141414141414133,1.7776863882276395,4,-57,0,3
mask_without_penalty,uav0000009,1,0.0,0.0,0,0,0,0
mask_without_penalty,uav0000073,2,0.0014788524105247003,0.0014225085353813949,0,-1,0,-1
mask_without_penalty,uav0000077,1,0.23491145645103684,0.17447191121076067,0,-39,0,-3
mask_without_penalty,uav0000088,1,0.0,0.0,0,0,0,0
mask_without_penalty,uav0000119,1,0.02195389681668436,0.013719083577723445,0,-1,0,-1
mask_without_penalty,uav0000120,1,0.11460223474357711,0.05161533289367304,-28,-8,0,-1
mask_without_penalty,uav0000161,1,0.13382402141184357,0.09500542469351725,-5,-7,0,-1
mask_without_penalty,uav0000188,1,0.28068384792038215,0.11741433412074676,-23,1,0,1
mask_without_penalty,uav0000201,1,0.052371689361063734,0.017832646453619372,-7,0,0,-1
mask_without_penalty,uav0000249,2,-0.015519070895864129,0.0031639301035668588,8,-6,0,-2
mask_without_penalty,uav0000297,2,0.0,0.0,0,0,0,-1
mask_without_penalty,uav0000306,1,0.060544904137238564,0.027884985891024616,-5,-1,0,-1
mask_without_penalty,uav0000355,1,0.018088088993395424,0.007013017389645437,-2,0,0,0
mask_without_penalty,uav0000370,1,0.7676767676767615,0.6191950104954214,0,-19,0,1
paired_hierarchy_minus_flat,uav0000009,1,-0.06568144499178308,0.0011277207025761626,28,-19,-1,3
paired_hierarchy_minus_flat,uav0000073,2,-0.05101929528787963,-0.06268060451714574,152,-108,9,12
paired_hierarchy_minus_flat,uav0000077,1,-0.03614022406939199,-0.033404123835201194,13,-10,3,1
paired_hierarchy_minus_flat,uav0000088,1,-0.7805606461684711,-0.20124973002710878,129,-17,3,0
paired_hierarchy_minus_flat,uav0000119,1,0.02195389681668436,0.0035978522015978065,0,-2,1,1
paired_hierarchy_minus_flat,uav0000120,1,0.0031833954095450423,0.021391743426113496,50,-54,3,3
paired_hierarchy_minus_flat,uav0000161,1,-0.05576000892160149,-0.03886290722491248,6,-2,1,1
paired_hierarchy_minus_flat,uav0000188,1,0.7272263332482765,0.4106005369167054,5,-62,0,-2
paired_hierarchy_minus_flat,uav0000201,1,-0.022445009726168585,-0.030139369087323065,15,-15,3,4
paired_hierarchy_minus_flat,uav0000249,2,-0.0744979782645705,-0.0321598306265769,11,-2,1,1
paired_hierarchy_minus_flat,uav0000297,2,-0.15634146406155458,-0.16263846760405376,56,-49,7,-4
paired_hierarchy_minus_flat,uav0000306,1,-0.07063572149343944,-0.03768800326424682,14,-8,1,2
paired_hierarchy_minus_flat,uav0000355,1,-0.03617617798679085,-0.014026502721775636,4,0,0,0
paired_hierarchy_minus_flat,uav0000370,1,-0.08080808080808133,0.03259937727034812,6,-4,0,0
penalty_with_mask,uav0000009,1,0.016420361247959647,0.008650893204731336,-1,-1,0,-1
penalty_with_mask,uav0000073,2,0.009498868396512483,0.0053545819572453635,-3,-2,0,-1
penalty_with_mask,uav0000077,1,-0.018070112034695995,-0.021494982426017994,-1,4,0,1
penalty_with_mask,uav0000088,1,-0.047512387158077374,-0.015459020352204256,7,0,0,0
penalty_with_mask,uav0000119,1,0.0,0.0,0,0,0,0
penalty_with_mask,uav0000120,1,0.39792442619298596,0.446192510577037,-46,-73,-6,3
penalty_with_mask,uav0000161,1,1.4163042266086778,-0.20570690279706483,-58,-68,-1,-2
penalty_with_mask,uav0000188,1,0.6761929063536676,0.28591322761415405,-55,2,0,1
penalty_with_mask,uav0000201,1,0.03740834954362171,0.9404775305124069,1,-7,1,-1
penalty_with_mask,uav0000249,2,0.05354240408184108,0.022292025659703674,-6,-1,0,0
penalty_with_mask,uav0000297,2,0.02363610140038719,0.03886529498878244,-4,5,-2,1
penalty_with_mask,uav0000306,1,-0.1816347124117046,0.16263297993014403,19,0,-1,-2
penalty_with_mask,uav0000355,1,0.018088088993395424,0.016055033360062865,0,-2,0,-2
penalty_with_mask,uav0000370,1,1.3737373737373715,1.158491377732218,4,-38,0,2
penalty_without_mask,uav0000009,1,0.016420361247959647,0.008650893204731336,-1,-1,0,-1
penalty_without_mask,uav0000073,2,0.009498868396506932,0.005354657630640691,-3,-2,0,-1
penalty_without_mask,uav0000077,1,0.04216359474762399,0.030160302386439408,0,-7,0,0
penalty_without_mask,uav0000088,1,-0.047512387158077374,-0.015459020352204256,7,0,0,0
penalty_without_mask,uav0000119,1,-0.02195389681668436,-0.010118818686877251,1,0,0,0
penalty_without_mask,uav0000120,1,0.5157100563461081,0.49733102082116787,-77,-79,-6,3
penalty_without_mask,uav0000161,1,1.5278242444518808,-0.1368692132860727,-62,-74,-1,-1
penalty_without_mask,uav0000188,1,0.7782597601428964,0.32916715852175926,-63,2,0,1
penalty_without_mask,uav0000201,1,0.04489001945233717,0.955848616795707,-1,-6,1,-1
penalty_without_mask,uav0000249,2,0.08303185776619149,0.04515987270098942,-3,-8,0,-1
penalty_without_mask,uav0000297,2,0.02363610140038719,0.03886529498878244,-4,5,-2,0
penalty_without_mask,uav0000306,1,-0.131180625630678,0.1837080607461461,14,0,-1,-2
penalty_without_mask,uav0000355,1,0.018088088993395424,0.016053990571918142,0,-2,0,-2
penalty_without_mask,uav0000370,1,0.0,0.0,0,0,0,0
selective_with_fusion,uav0000009,1,1.732348111658466,1.9297203656671869,115,-331,5,13
selective_with_fusion,uav0000073,2,0.3591449199686847,0.013925360903782602,358,-439,26,41
selective_with_fusion,uav0000077,1,0.22286471509457284,-0.0039809176115124245,53,-103,13,9
selective_with_fusion,uav0000088,1,-0.2307744519106758,-0.6112614841374375,173,-155,16,20
selective_with_fusion,uav0000119,1,0.7903402854006591,0.4954908899030719,9,-46,1,1
selective_with_fusion,uav0000120,1,0.04456753573361949,0.14557191995053786,617,-652,21,31
selective_with_fusion,uav0000161,1,-0.22304003568640596,-0.17982441520086878,31,-14,3,5
selective_with_fusion,uav0000188,1,0.4975759122225032,0.3044933453398402,21,-60,0,0
selective_with_fusion,uav0000201,1,-0.32171180607510896,-0.46898197776455985,158,-119,4,12
selective_with_fusion,uav0000249,2,-0.41598191761780257,-0.10020370952801283,174,-122,6,3
selective_with_fusion,uav0000297,2,0.06436327785995233,-0.1253303108993853,240,-396,22,15
selective_with_fusion,uav0000306,1,1.291624621594356,0.6091559131336299,71,-213,14,23
selective_with_fusion,uav0000355,1,-0.33462964637785975,0.0028498662731801794,73,-38,2,2
selective_with_fusion,uav0000370,1,-0.040404040404040664,-0.12508999064814175,10,-13,4,4
selective_without_fusion,uav0000009,1,2.750410509031198,2.4452504336951786,312,-660,13,31
selective_without_fusion,uav0000073,2,0.4342287147160395,0.7528435811158141,702,-778,30,50
selective_without_fusion,uav0000077,1,-0.15660763763402086,0.015600037062013516,157,-141,10,13
selective_without_fusion,uav0000088,1,-0.41403651666327423,-0.7356202538223555,325,-283,19,29
selective_without_fusion,uav0000119,1,1.2733260153677262,0.8294295151893949,16,-75,1,1
selective_without_fusion,uav0000120,1,0.45840893897431956,0.7516620515517602,876,-1046,26,47
selective_without_fusion,uav0000161,1,-0.4906880785100931,-0.25855097743199273,71,-33,6,12
selective_without_fusion,uav0000188,1,1.186527175299823,0.362015074261135,81,-180,6,6
selective_without_fusion,uav0000201,1,-1.4364806224749338,-0.8979018319061893,344,-161,9,19
selective_without_fusion,uav0000249,2,-0.6952608140992023,-0.22858972687676005,292,-211,9,9
selective_without_fusion,uav0000297,2,0.9060542936537463,0.5807721646078068,676,-1174,23,20
selective_without_fusion,uav0000306,1,1.2108980827447047,0.7088496872439287,121,-262,21,26
selective_without_fusion,uav0000355,1,-1.0671972506104743,-0.293696297206425,163,-48,3,3
selective_without_fusion,uav0000370,1,0.3232323232323253,0.09728892006792833,6,-18,4,4
