arm,mota,idf1,num_false_positives,num_misses,num_switches,num_fragmentations
C11_full_reference,0.5802506252559846,0.7137370596926572,26047,69497,791,2357
C00_nativecost_reference,0.5781766054046518,0.7118566563579259,26252,69759,800,2368
C10_mask_only,0.5787996827969639,0.7122236020061417,26190,69678,800,2358
C01_penalty_only,0.5798018352461374,0.7134409184447092,26060,69587,791,2363
E10_fusion_no_selective,0.5782419631730761,0.712604501920839,23944,72198,654,2178
H_paired_hierarchical,0.5794445461120843,0.71341595267728,26452,69258,810,2383
H_paired_flat,0.580176553118437,0.7139311208214462,25963,69610,779,2361
E00_fusion_off_no_selective,0.5762943016740303,0.7092705766387383,21723,74935,585,2074
E01_fusion_off_selective,0.5795534757261248,0.7133094946652145,25865,69865,765,2344
