family,arm,evidence_kind,scientific_use,mota,idf1,num_false_positives,num_misses,num_switches,num_fragmentations,num_objects
historical_policy,A04_coherence,historical_metadata_contaminated,False,0.5762943016740303,0.7092705766387383,21723,74935,585,2074,229506
historical_policy,A05_selective,historical_metadata_contaminated,False,0.5795534757261248,0.7133094946652145,25865,69865,765,2344,229506
historical_policy,A06_full,historical_metadata_contaminated,False,0.5802506252559846,0.7137370596926572,26047,69497,791,2357,229506
frozen_SRC_SOE_factorial,F00_full,historical_metadata_contaminated,False,0.5802506252559846,0.7137370596926572,26047,69497,791,2357,229506
frozen_SRC_SOE_factorial,F01_noSOE,historical_metadata_contaminated,False,0.580246268071423,0.7129554307151948,27210,68266,860,2404,229506
frozen_SRC_SOE_factorial,F02_noSRC,historical_metadata_contaminated,False,0.5781766054046518,0.7118566563579259,26252,69759,800,2368,229506
frozen_SRC_SOE_factorial,F03_neither,historical_metadata_contaminated,False,0.5785164658004585,0.7111665238804041,27360,68498,875,2422,229506
frozen_SRC_SOE_factorial,F04_full_sourcepool_current,historical_metadata_contaminated,False,0.5801155525345743,0.7137071838492727,26072,69499,795,2356,229506
operator_controls,pair_shuffle,historical_metadata_contaminated,False,0.5795709044643713,0.7128677332746268,27250,68364,877,2405,229506
operator_controls,hard_update,historical_metadata_contaminated,False,0.5802506252559846,0.7137370596926572,26047,69497,791,2357,229506
SRC_paths_with_EGIA,F00_replay,historical_metadata_contaminated,False,0.5802506252559846,0.7137370596926572,26047,69497,791,2357,229506
SRC_paths_with_EGIA,no_src,historical_metadata_contaminated,False,0.5781766054046518,0.7118566563579259,26252,69759,800,2368,229506
SRC_paths_with_EGIA,update_only,historical_metadata_contaminated,False,0.5781766054046518,0.7118566563579259,26252,69759,800,2368,229506
SRC_paths_with_EGIA,cost_only,historical_metadata_contaminated,False,0.580246268071423,0.7137353421743514,26048,69497,791,2357,229506
SRC_native_N0_N5,N0,historical_metadata_contaminated,False,0.5592751387763283,0.6993606417549573,33216,66645,1288,2692,229506
SRC_native_N0_N5,N1,historical_metadata_contaminated,False,0.5740372800711093,0.7072068961411614,28840,67907,1014,2514,229506
SRC_native_N0_N5,N2,historical_metadata_contaminated,False,0.5755753662213624,0.7087137996471337,28699,67722,987,2502,229506
SRC_native_N0_N5,N3,historical_metadata_contaminated,False,0.5740372800711093,0.7072068961411614,28840,67907,1014,2514,229506
SRC_native_N0_N5,N4,historical_metadata_contaminated,False,0.5755666518522391,0.7087104247471969,28701,67722,987,2502,229506
SRC_native_N0_N5,N5,historical_metadata_contaminated,False,0.5613665873659077,0.7028841249732647,32923,66468,1278,2711,229506
