contrast,fp_contribution_pp,fn_contribution_pp,ids_contribution_pp,mota_delta_pp,idf1_delta_pp
mask_without_penalty,0.0270145442820667,0.03529319494915165,0.0,0.062307739231215464,0.036694564821571074
mask_with_penalty,0.005664339930110759,0.03921466105461295,0.0,0.044879000984721085,0.029614124794796748
penalty_without_mask,0.0836579435831743,0.07494357445992697,0.003921466105461295,0.16252298414856092,0.15842620867833057
penalty_with_mask,0.06230773923121836,0.07886504056538828,0.003921466105461295,0.14509424590206654,0.15134576865155625
fusion_without_selective,-0.9677306911366151,1.192561414516396,-0.030064573475203263,0.1947661499045794,0.3333925282100747
fusion_with_selective,-0.07930075902155063,0.16034439186775074,-0.011328679860221519,0.06971495298597752,0.04275650274426779
selective_without_fusion,-1.8047458454245204,2.209092572743196,-0.0784293221092259,0.32591740520945267,0.4038918026476268
selective_with_fusion,-0.9163159133094559,1.176875550094551,-0.05969342849424416,0.20086620829085078,0.1132557771818199
paired_hierarchy_minus_flat,-0.21306632506339704,0.15337289656915287,-0.01350727214103335,-0.07320070063526751,-0.05151681441661893
