name,native_candidate_gate_calls,native_gate_admitted,final_births,EGIA_native_vetoes,source_probability_calls,raw_output_rows,src_updates
D00_full_reference,23604,6809,3234,3575,6809,224213,221039
D01_EGIA_bypass,19005,4252,4252,0,0,231222,227113
D02_no_foreground_evidence,23102,6603,3312,3291,6603,224960,221710
D03_no_coverage_evidence,22082,5911,3404,2507,5911,226398,223063
D04_no_learned_context,22101,5954,3414,2540,5954,226380,223036
D05_no_source_coherence,20604,4963,3489,1474,4963,228245,224832
D06_broken_source_pairing,20601,4925,3558,1367,4925,228228,224757
D07_no_geometry_cue,20604,4963,3489,1474,4963,228245,224832
D08_no_appearance_cue,20604,4963,3489,1474,4963,228245,224832
