cell,label,MOTA_percent,IDF1_percent,FP,FN,IDs,FM,recall_percent
D00_full_reference,完整 SRC + EGIA,58.02506252559846,71.37370596926573,26047,69497,791,2357,69.71887445208405
D01_EGIA_bypass,关闭 EGIA，保留完整 SRC,57.556665185223906,70.87104247471969,28701,67722,987,2502,70.49227471177224
D02_no_foreground_evidence,前景判断替换为训练先验,57.93007590215507,71.34641773146623,26427,69320,806,2380,69.79599661882479
D03_no_coverage_evidence,覆盖判断替换为训练先验,58.043798419213445,71.42096783474308,26775,68691,826,2422,70.0700635277509
D04_no_learned_context,两路上下文判断均替换为训练先验,58.043798419213445,71.41535038505434,26766,68694,832,2429,70.06875637238242
D05_no_source_coherence,关闭源一致性项,58.0246268071423,71.29554307151949,27210,68266,860,2404,70.25524387161991
D06_broken_source_pairing,打乱几何—外观源配对,57.957090446437135,71.28677332746268,27250,68364,877,2405,70.212543462916
D07_no_geometry_cue,几何线索置为中性,58.0246268071423,71.29554307151949,27210,68266,860,2404,70.25524387161991
D08_no_appearance_cue,外观线索置为中性,58.0246268071423,71.29554307151949,27210,68266,860,2404,70.25524387161991
