figure,bar,count
fig3_visdrone_motivation,Ped.,1395
fig3_visdrone_motivation,Car,395
fig3_visdrone_motivation,Van,418
fig3_visdrone_motivation,Truck,636
fig3_visdrone_motivation,Bus,69
fig6_visdrone_resolution,Native baseline,2913
fig6_visdrone_resolution,Duplicate absent,2516
fig6_visdrone_resolution,Still duplicate,397
fig3_uavdt_motivation,M1001,833
fig3_uavdt_motivation,M1101,123
fig3_uavdt_motivation,M0701,94
fig3_uavdt_motivation,M0802,88
fig3_uavdt_motivation,M1301,75
fig3_uavdt_motivation,Other 15,317
fig6_uavdt_resolution,Native baseline,1530
fig6_uavdt_resolution,Single track,1516
fig6_uavdt_resolution,No related prediction,4
fig6_uavdt_resolution,Still duplicate,10
